-0.527517557144,16.005821228,20.6613731384,7.38358259201,7.59892654419,-2.53202867508,10.696600914,10.8283157349,5.06748485565,0.506023049355,6.24305486679,14.8022222519,21.7477798462,5.5384888649,11.043264389,4.23854398727,9.49300098419,11.9147167206,3.22239422798,3.95035934448,1.75355553627,14.0411911011,27.2577285767,4.76260137558,8.09619140625,-0.25095680356,8.73197078705,17.4246673584,2.44650316238,1.00328838825,F_n4MsOeSmwbs,True
-6.78240251541,5.56453371048,1.41913449764,3.33886861801,3.92522621155,-8.26265239716,5.30639457703,5.16718578339,3.03362870216,2.55995845795,-10.2206935883,3.2629544735,3.18334126472,2.49421644211,2.3636841774,-11.7009458542,3.00481796265,6.93139219284,2.18897557259,0.998416900635,-8.52976417542,7.26304960251,-0.384278804064,4.75574493408,3.58846139908,-10.0100164413,7.00491142273,3.3637714386,4.45050430298,2.22319364548,F_y7-0L0kFnqA,True
2.81880140305,-3.08352470398,-0.990362048149,5.20283269882,0.568594038486,-3.35266590118,-2.09484171867,0.132389932871,5.79594564438,-7.64079475403,-0.561405777931,-4.63339805603,3.11533498764,7.54063034058,1.79405510426,-6.73287200928,-3.64471411705,4.23808717728,8.13374423981,-6.41533517838,3.74604701996,-2.02388906479,1.00472271442,3.82539892197,-0.983184456825,-2.42541980743,-1.03520643711,2.12747478485,4.41851091385,-9.19257640839,F_eV23yzJIPWo,True
-5.83787631989,3.05269289017,-1.37983155251,-12.8416414261,-5.05278778076,-4.12650680542,-1.83176076412,-2.10872721672,-9.85643768311,-5.07631635666,-2.73631715775,5.09560823441,-1.75412964821,-12.7331132889,-10.3361749649,-1.02494990826,0.211155742407,-2.48302483559,-9.7479095459,-10.3597049713,-7.23142528534,5.15977144241,1.25596272945,-13.714928627,-6.45656871796,-5.52005672455,0.275318950415,0.527067899704,-10.729724884,-6.48009777069,F_wQS3ADyLsUk,True
-0.163040071726,22.1920967102,22.3628616333,-7.15892267227,-13.7580308914,-2.79306268692,6.08672857285,9.45977020264,0.540556430817,-8.35138988495,-3.08252954483,24.3158798218,22.9789924622,-7.49491071701,-16.2709026337,-5.71255350113,8.21050930023,10.0759048462,0.204568833113,-10.8642606735,-1.05256831646,27.0923805237,21.2475395203,-7.78340435028,-18.5291748047,-3.68259191513,10.9870109558,8.3444519043,-0.083924792707,-13.1225318909,F_9igrwl1U7s4,True
-9.36211776733,1.20138204098,-3.45388126373,3.22600388527,5.92146396637,-10.2118368149,4.40026044846,4.92633771896,4.35501098633,4.28678560257,-7.26922750473,-8.5420665741,-5.96195983887,-1.95087516308,-0.206838279963,-8.11894416809,-5.34319019318,2.41825938225,-0.821868777275,-1.84151756763,-9.44693565369,-5.7893781662,-8.08818721771,0.68184709549,-2.68749332428,-10.2966547012,-2.59050107002,0.292030900717,1.81085383892,-4.32217407227,F_1yfx9eG6Es0,True
2.4497385025,16.4233589172,-9.47904777527,-5.29145002365,-8.3439874649,-1.85498011112,9.7406244278,-6.08165740967,-3.28286385536,-7.0590763092,-3.57695484161,11.7333040237,-10.5531349182,1.52862632275,-4.68348264694,-7.88167190552,5.0505695343,-7.1557469368,3.53721189499,-3.39857292175,0.531414747238,11.9064226151,-9.63368034363,1.08273875713,-5.36159467697,-3.7733039856,5.22368717194,-6.23628997803,3.09132409096,-4.07668495178,F_JQRRnAhmB58,True
-0.444330185652,1.93301379681,-4.79337882996,3.66929674149,-5.5762834549,-10.6563587189,3.14821386337,2.94758844376,9.57893276215,-4.28818368912,-0.0005247220397,2.3267056942,-8.9233789444,7.64538812637,-9.58804702759,-10.2125520706,3.54190587997,-1.18241155148,13.555024147,-8.29994773865,-0.92141520977,3.14190864563,-3.8011496067,-8.7906036377,-7.12915992737,-11.1334428787,4.35710906982,3.93981742859,-2.88096880913,-5.84106016159,F_aHrn3-Cb3iM,True
-9.26333427429,10.1849689484,9.42202186584,-6.75732564926,-13.9952144623,-10.5340490341,3.12733101845,4.72068595886,-13.9996747971,-5.2129406929,-9.22919464111,6.57959461212,5.28398609161,-2.63764882088,-15.2419166565,-10.4999094009,-0.478042215109,0.582652509212,-9.87999820709,-6.45964384079,-9.31581878662,2.34230232239,12.9224777222,-4.0780620575,-7.54251480103,-10.5865373611,-4.71533346176,8.22114372253,-11.3204107285,1.23976099491,F_OBO19vCHtic,True
-0.345251142979,1.59200549126,11.2458086014,2.68572640419,5.74326276779,-5.00603294373,-0.55037021637,11.651714325,5.26644182205,1.22163927555,-2.91735649109,7.21212768555,9.69078731537,4.2050538063,6.74848794937,-7.57813692093,5.06975221634,10.0966949463,6.78576803207,2.2268652916,-1.20102798939,5.82929039001,11.3286809921,3.75299572945,6.46272993088,-5.86180973053,3.68691325188,11.7345867157,6.33371114731,1.94110679626,F_LO3gooVb400,True
-17.3325366974,10.4752845764,-8.02857971191,-19.5927295685,-16.0631332397,-17.4503326416,12.3230056763,0.577317416668,-16.913274765,-12.6236028671,-16.6821308136,10.832660675,-10.394616127,-16.811964035,-16.0340690613,-16.7999267578,12.6803817749,-1.78872168064,-14.1325101852,-12.5945386887,-13.6321105957,9.72941589355,-9.19203186035,-25.5350513458,-15.5709400177,-13.7499017715,11.5771379471,-0.586137115955,-22.8555908203,-12.1314134598,F_w8ACpSsJssw,True
1.15117752552,9.72383880615,2.05728936195,0.0182989612222,5.62568855286,-0.626303672791,4.2453622818,6.43059396744,3.4760351181,4.97154140472,0.286814898252,11.6390419006,-0.396361142397,-1.22887158394,2.69798064232,-1.49066650867,6.16056585312,3.97694444656,2.22886276245,2.04383397102,-4.54299592972,2.85190582275,-4.5282459259,9.93225860596,7.22212505341,-6.32047796249,-2.62657117844,-0.154940634966,13.389995575,6.56797885895,F_y-MkdkUB8pY,True
-19.4904937744,7.21515369415,-1.82419645786,4.19970989227,-15.1244297028,-19.6192073822,4.09567785263,-6.10498905182,2.88154983521,-2.30235815048,-17.7920188904,8.31296730042,-5.49162864685,2.30480456352,-16.7056827545,-17.9207382202,5.19349145889,-9.77241802216,0.986645698547,-3.88361525536,-16.7954063416,2.26633262634,-8.36764431,1.26937329769,-13.2739620209,-16.924123764,-0.853143811226,-12.648434639,-0.0487861856818,-0.451892405748,F_aDEecz10DnY,True
-16.4249973297,19.3930149078,-4.33399105072,10.7574338913,-12.7966175079,-9.90467643738,22.2722377777,1.75199615955,16.3844947815,-15.3964033127,-16.3479347229,11.6663007736,0.442618817091,5.2012052536,-9.95926475525,-9.82761287689,14.5455226898,6.52860546112,10.8282632828,-12.5590496063,-14.2732667923,20.2772808075,-1.35872602463,5.78416538239,-10.1611843109,-7.75294828415,23.1565036774,4.72726106644,11.4112234116,-12.760969162,F_pZcB4oJ5jsc,True
1.28848230839,7.84995317459,0.847475588322,-2.39739370346,1.79837310314,-2.02074408531,1.73319733143,6.34055328369,-3.34916114807,1.66212928295,-3.34649133682,5.15868806839,3.79493117332,-2.70659732819,0.507974684238,-6.65571784973,-0.958067417145,9.28800773621,-3.65836620331,0.371730655432,-0.656514704227,8.55816173553,2.77009868622,-3.21501731873,-0.996700644493,-3.96574163437,2.44140529633,8.2631778717,-4.16678619385,-1.13294446468,F_wUhoKHzau8g,True
-7.81217479706,6.02064037323,11.477478981,7.79421186447,1.61605811119,-10.6247196198,4.11656284332,14.2191314697,4.48562097549,0.825560748577,-4.10209131241,6.66520118713,11.4304895401,11.5033140182,1.97729945183,-6.91463661194,4.76112174988,14.1721401215,8.19472312927,1.18680202961,-7.86700534821,4.16454601288,8.11484718323,13.2019071579,3.14562082291,-10.6795520782,2.2604675293,10.8564987183,9.89331436157,2.35512495041,F_bkkMc9tU-CI,True
-0.419538229704,5.3907160759,10.933506012,-7.73131322861,7.91688537598,-6.96293640137,3.19460654259,16.5049629211,-12.1469326019,3.11589050293,2.5386493206,4.60430860519,7.15663003922,-5.63853597641,9.56703281403,-4.00474834442,2.40819907188,12.7280902863,-10.0541553497,4.76603889465,1.60130774975,5.20439195633,7.70634794235,-3.42829418182,10.860865593,-4.94208955765,3.00828242302,13.2778129578,-7.84391689301,6.05987167358,F_5f8rmrF_mDI,True
-9.27171421051,9.05201148987,15.5980129242,-4.14137649536,-7.6431221962,-5.38870000839,7.73048305511,14.7446594238,-3.544090271,-6.37218809128,-10.111369133,8.50078964233,9.08864116669,-3.09983253479,-5.96810483932,-6.22835636139,7.17925930023,8.23528957367,-2.50254678726,-4.69716978073,-9.16140079498,8.39076423645,11.9288845062,-3.96410655975,-7.22033262253,-5.27838802338,7.0692358017,11.0755329132,-3.36681985855,-5.94939756393,F_PEvrrIl3sic,True
-2.92129564285,10.6676101685,1.75690531731,-3.901658535,-4.37266206741,-6.77056694031,9.20491409302,-0.991176486015,-6.82165050507,-4.73288345337,-7.72524738312,12.7159194946,4.0476565361,-2.39650154114,-3.8650701046,-11.5745172501,11.2532234192,1.29957449436,-5.31649398804,-4.22529220581,-2.93404245377,9.56182289124,-1.54250752926,0.103282906115,-5.78127241135,-6.78331375122,8.09912872314,-4.29058980942,-2.81671047211,-6.14149475098,F_NrcGzxLuaVE,True
-7.24448823929,6.92327547073,13.1222343445,6.70090579987,-4.07491397858,-10.3117017746,8.82763004303,10.476149559,5.23603916168,-9.93235015869,-13.6892633438,1.76279520988,17.9372711182,3.20921897888,-5.75644254684,-16.7564754486,3.66714882851,15.2911882401,1.74435150623,-11.6138820648,-2.93617963791,3.0437207222,19.4275856018,5.04203796387,1.63667607307,-6.00338983536,4.94807481766,16.7815055847,3.57717227936,-4.22076368332,F_k7viIK45xGQ,True
-6.81211900711,8.24461936951,17.4115142822,-1.90888941288,2.55210542679,-11.8831167221,6.47754240036,17.0790100098,-2.19995737076,0.859451293945,-6.27841043472,10.0128622055,16.5479125977,-0.96815097332,2.71007299423,-11.3494081497,8.2457857132,16.2154064178,-1.25921928883,1.01741838455,-9.51615428925,9.44563579559,19.1842021942,1.96981930733,0.784272313118,-14.5871505737,7.67856025696,18.8516921997,1.6787520647,-0.908382534981,F_CFcDjqyTTuQ,True
-2.25814270973,7.70555400848,-9.1395072937,-4.72640180588,-6.89512348175,-13.8903017044,0.0405171886086,-3.37422823906,-0.41371139884,-10.199754715,-6.27269220352,5.74191379547,-6.39243936539,-4.004342556,-3.25848555565,-17.9048519135,-1.92312300205,-0.627156972885,0.308347970247,-6.56311750412,-7.6469874382,2.86937522888,-4.07467079163,-5.69060087204,3.62012386322,-19.2791461945,-4.79566240311,1.69060993195,-1.37791073322,0.31549140811,B201TL9bUWr6I,False
6.00168132782,15.8731737137,-0.857790231705,15.4980096817,3.53077888489,-1.37010073662,16.8935756683,4.72878170013,7.5429444313,-0.807971000671,1.38422513008,15.2706985474,2.32373046875,8.51965522766,-2.58022880554,-5.98755550385,16.2911014557,7.91030025482,0.564591288567,-6.91898155212,5.05834531784,12.2142391205,-3.87262868881,1.95111310482,4.09699440002,-2.31343603134,13.2346458435,1.71394205093,-6.00395059586,-0.2417550385,B301TL9bUWr6I,False
-1.18323135376,11.619638443,-5.68734121323,-14.2163724899,-14.0902462006,-5.84579467773,5.95552301407,-1.16262638569,-8.49001789093,-12.1617994308,0.968983411789,10.6895332336,-3.00920629501,-13.0970754623,-10.6450138092,-3.69358038902,5.02541399002,1.51550805569,-7.37071943283,-8.71656703949,0.020557589829,9.60957145691,-4.02555894852,-14.4891233444,-12.2904415131,-4.64200496674,3.94545149803,0.499155372381,-8.7627658844,-10.361992836,B1tREHGodIEZk,False
-2.13941001892,13.8528680801,4.35308980942,7.15834760666,2.3728120327,-7.66588830948,-3.24721384048,-1.19877398014,-8.2871799469,11.344877243,-2.88484954834,26.1797790527,7.43794107437,4.75380373001,-0.956720471382,-8.41132545471,9.0796957016,1.88608014584,-10.6917247772,8.01534175873,-10.9731798172,15.0777330399,3.06789922714,5.37544584274,-1.08436977863,-16.4996623993,-2.02235174179,-2.48396372795,-10.0700826645,7.88769340515,B1X6jprOZ29wY,False
5.34936571121,15.7739171982,6.0059709549,-1.55658721924,-1.07588601112,10.2345380783,15.8265275955,9.08550357819,-3.94327831268,-6.32796049118,6.25454473495,14.0898542404,1.87651216984,-3.38783359528,0.219177097082,11.1397171021,14.1424608231,4.95604228973,-5.77452659607,-5.03289794922,4.87736177444,12.5128393173,5.674077034,-3.76629829407,0.755328893661,9.76253509521,12.5654497147,8.75360870361,-6.15299034119,-4.4967455864,F_SyO3YwrsJPg,True
-4.46314477921,8.774974823,4.58911895752,-6.43795728683,16.2752380371,7.02551794052,0.306886523962,2.039509058,2.80269980431,5.39727973938,-9.53436183929,5.48036003113,7.25870275497,-6.3226647377,16.9868297577,1.9543005228,-2.98772931099,4.70909166336,2.91799235344,6.10887336731,-1.28103482723,18.4598312378,5.07841539383,0.641587853432,17.7159881592,10.2076292038,9.99174690247,2.52880454063,9.88224601746,6.83803081512,F_kJGQy-j3Nx4,True
-1.43959724903,0.709565281868,6.68729543686,-15.9387512207,-12.3334131241,-7.36423158646,-0.923080086708,1.53614628315,-16.719285965,-12.2233734131,-3.72014141083,2.3271446228,2.85915732384,-17.2544384003,-12.5331258774,-9.64477539062,0.694499850273,-2.29199147224,-18.0349712372,-12.4230880737,0.201073020697,-0.140910059214,5.3699221611,-12.1827287674,-8.64840602875,-5.72356176376,-1.77355349064,0.218772739172,-12.9632606506,-8.53836727142,F_fPZNvBcoOtE,True
-14.4354763031,8.52099132538,-1.56238329411,1.70079433918,-6.06756162643,-15.5694084167,0.78200262785,2.11177492142,3.69791150093,-9.11350440979,-13.7814865112,1.97806966305,2.72141814232,-1.7794727087,-4.01221323013,-14.9154176712,-5.76091432571,6.39557552338,0.217644661665,-7.05815696716,-11.172492981,4.23474216461,-0.41783580184,2.28557229042,-9.20675468445,-12.3064241409,-3.50424408913,3.25632238388,4.28268957138,-12.252696991,F_IWDJBCL9q7I,True
-4.42195272446,2.409106493,-1.83610069752,-15.3459472656,-16.47082901,-6.52056837082,12.1424512863,-4.46297025681,-22.4502620697,-15.0692682266,9.73465919495,9.80149173737,-2.06426930428,-11.6728096008,-8.94061946869,7.6360449791,19.5348358154,-4.69113779068,-18.7771224976,-7.53905677795,-6.16083192825,0.349941939116,-5.18021726608,-16.9968700409,-16.5466384888,-8.25944805145,10.0832853317,-7.80708837509,-24.1011791229,-15.1450777054,B1RsaXI-SKchA,False
-0.310472637415,-1.93281686306,4.32976865768,4.22596549988,1.92249214649,-1.0569576025,0.366605728865,2.62398433685,1.75955200195,0.031021900475,-2.00518345833,-1.97801911831,3.16240811348,1.2470420599,3.13145780563,-2.75166869164,0.321403473616,1.45662403107,-1.21936953068,1.23998713493,-2.70631980896,-1.73081171513,1.65606105328,-1.03902375698,5.59076499939,-3.45280432701,0.568610668182,-0.049723289907,-3.5054359436,3.69929385185,F_rpzY8gP_jkQ,True
-3.01921272278,-5.02309370041,3.09594249725,2.31028699875,-2.71930837631,-12.6325044632,-4.58319664001,-1.61083877087,0.172571748495,-1.94615209103,-8.58769607544,-4.44640493393,2.92387342453,8.04788017273,-4.61145210266,-18.2009868622,-4.0065073967,-1.78290784359,5.91016578674,-3.83829498291,-1.89046692848,-2.31824851036,2.20668697357,3.53122425079,-5.01558494568,-11.5037565231,-1.87835001945,-2.50009417534,1.39351141453,-4.24242544174,F_l87MRRjpkxM,True
-1.13359642029,5.12133646011,11.4679193497,-3.02402830124,-12.109872818,0.422743409872,3.94793534279,11.3478899002,-5.3671875,-12.7386741638,1.21596467495,7.08837604523,8.07078361511,0.0354181304574,-10.2257804871,2.77230405807,5.91497421265,7.95075273514,-2.30774092674,-10.8545799255,-2.90864753723,8.69172096252,10.6913423538,-1.99782598019,-11.232257843,-1.35230815411,7.51831912994,10.5713129044,-4.34098529816,-11.8610572815,F_x2H7zcqjplc,True
-13.8778362274,0.180265516043,-7.53690433502,-2.88509774208,-8.22207355499,-13.0348863602,-5.54053497314,-6.52678012848,-1.37427866459,0.0406517758965,-17.7156085968,1.66282749176,-2.94177389145,-10.9717235565,-11.2899923325,-16.8726596832,-4.05797243118,-1.93164908886,-9.4609041214,-3.02726578712,-14.8061800003,-0.961489677429,-7.00562953949,-1.89846336842,-5.42676019669,-13.9632310867,-6.68229007721,-5.99550533295,-0.387645274401,2.83596587181,F_pdy9isqFDxE,True
-5.3985414505,4.41563653946,3.92949318886,-8.77104854584,-12.2660675049,-3.71822047234,10.492559433,0.216626048088,-10.3165149689,-12.4529399872,-5.03523445129,10.4815559387,3.10777068138,-12.5679349899,-15.1098232269,-3.35491061211,16.5584793091,-0.605097413063,-14.113401413,-15.2966976166,-2.56513261795,5.72306966782,1.29812395573,-12.8532266617,-11.7138195038,-0.884809136391,11.7999916077,-2.41474366188,-14.3986911774,-11.9006938934,F_1NvU8WG9bg0,True
-16.4478473663,14.4402246475,3.27643179893,10.9668207169,-4.57273864746,-6.11339044571,2.99506783485,-3.13527560234,13.6780519485,-0.345558792353,-15.7689418793,15.3187665939,6.45821332932,12.1847658157,3.66657590866,-5.43448543549,3.87360882759,0.0465048328042,14.8959970474,7.89375352859,-16.5227165222,11.1636161804,0.923101305962,11.7606077194,-3.45736598969,-6.18825769424,-0.281542539597,-5.48860788345,14.4718408585,0.769813656807,F_69RNNex-sig,True
-8.7595615387,10.5925598145,6.35379648209,1.33021128178,-13.5852622986,-5.74911737442,8.45981311798,10.589720726,0.5547529459,-14.276342392,-9.06076622009,10.2040901184,7.26354932785,4.46044540405,-9.3690700531,-6.05032110214,8.07134246826,11.4994707108,3.68498754501,-10.0601482391,-4.54486465454,10.7108974457,4.67588806152,-0.46750882268,-10.646317482,-1.53442060947,8.57814884186,8.91181278229,-1.24296796322,-11.337395668,F_O2VWbZIrMuw,True
11.5539674759,-9.6437587738,-6.29318189621,4.85084962845,1.89732289314,12.7498455048,-5.1113948822,-0.0472530350089,6.31607866287,7.3915772438,10.9737730026,-11.1330747604,-4.68185853958,4.81728696823,0.00310859829187,12.1696519852,-6.60070800781,1.56407129765,6.28251504898,5.49736452103,8.52373027802,-11.9111471176,-5.29073762894,8.63042163849,1.68201899529,9.71960830688,-7.37878036499,0.955191731453,10.0956497192,7.17627382278,F_bkktzuYtYNw,True
-10.3541326523,7.29150772095,5.5795135498,-4.43870973587,-8.79348754883,-8.22828960419,4.01957988739,4.14472723007,-3.16077136993,-1.76239383221,-8.93073940277,6.00279998779,3.46990442276,-2.87264037132,-9.01286506653,-6.80489253998,2.73087191582,2.03511667252,-1.5946996212,-1.98177087307,-11.6317214966,6.34964942932,6.98869037628,1.69770300388,-5.62084674835,-9.50587749481,3.07772135735,5.55390262604,2.97564268112,1.41024577618,F_AcF1AMace2s,True
-7.82297134399,-2.03156542778,1.66875529289,6.04684400558,-2.64738130569,-15.7962656021,5.09405326843,-3.35474920273,11.3900051117,10.1278934479,-8.65921878815,-2.63355231285,-4.05741691589,4.25692033768,-9.2082529068,-16.6325149536,4.49206733704,-9.08092212677,9.60008239746,3.56702232361,-6.8708524704,-2.03313231468,8.09339904785,3.28470349312,-3.95418310165,-14.8441476822,5.09248638153,3.06989479065,8.627866745,8.82109451294,F__18hsqaDrHs,True
-19.7563400269,10.3441457748,-4.37189531326,-3.06738615036,-3.64550065994,-14.3259191513,10.9718065262,-7.65618991852,-2.73773431778,-5.76977586746,-21.464931488,11.8332300186,-3.3359913826,0.816295027733,-5.4628071785,-16.0345115662,12.46089077,-6.6202878952,1.14594757557,-7.58708333969,-17.0953826904,12.0611438751,-3.01507520676,2.46690940857,-4.1220202446,-11.6649608612,12.6888055801,-6.29936981201,2.79656171799,-6.24629545212,F_XDpOtZ-sdQE,True
-3.80383300781,11.4060983658,0.936844646931,5.48785734177,-0.71105915308,-6.06858062744,10.2116165161,1.27840518951,3.24276971817,0.651328682899,-4.05368995667,9.00557613373,2.9871468544,3.30021262169,-2.22834396362,-6.31843757629,7.81109285355,3.32870554924,1.0551251173,-0.865955352783,-2.70666265488,6.74656820297,2.94338560104,5.78472948074,-3.92948627472,-4.97141218185,5.55208396912,3.28494524956,3.53964138031,-2.56709933281,F_He-BFGBOQvI,True
-3.92205762863,2.25175404549,11.3868494034,10.9400749207,-13.3732767105,-7.5576043129,3.33637285233,11.3451309204,12.6142568588,-13.371134758,-7.21213579178,0.382352858782,12.6928024292,12.4069004059,-12.8796815872,-10.8476839066,1.46697163582,12.6510839462,14.0810842514,-12.8775396347,-5.8066534996,-0.727642476559,9.47708129883,12.4664878845,-10.9288902283,-9.44220066071,0.356975793839,9.43536281586,14.1406755447,-10.9267454147,F_bNxY4yKBHeg,True
-14.0011043549,6.80838632584,2.39595079422,21.0509567261,-2.01738834381,-9.67768096924,11.0360593796,0.431482702494,22.3537254333,-4.34336090088,-12.395357132,8.05233001709,4.0118689537,14.2836637497,-1.27443778515,-8.07193470001,12.2800016403,2.0474023819,15.5864315033,-3.60041213036,-12.2443761826,12.0108308792,4.89705038071,23.3366851807,-8.74010658264,-7.92095327377,16.2385025024,2.93258285522,24.6394538879,-11.066078186,F_tfMMAwlD7gs,True
-10.9219360352,16.5337200165,3.45468020439,9.63810539246,-5.04732465744,-7.20251607895,16.9921627045,4.41962099075,10.3171901703,-6.05467605591,-10.5783176422,16.7858924866,-0.190254122019,8.89288330078,-6.29210519791,-6.85889673233,17.2443370819,0.77468764782,9.57196998596,-7.29945659637,-12.6260719299,17.1202392578,2.31480050087,8.85647964478,-4.32194423676,-8.90665054321,17.5786838531,3.27974224091,9.53556251526,-5.32929325104,F_0-ByBCf1biM,True
16.0645961761,19.443769455,6.49354314804,-7.59075069427,-4.4019818306,11.9134025574,21.5060424805,5.34623336792,-7.05674219131,-6.69098854065,15.0888290405,20.1145954132,2.66475391388,-5.84675121307,-6.35863542557,10.9376344681,22.1768703461,1.51744389534,-5.31274271011,-8.64764213562,17.3042240143,20.5851955414,4.2014632225,-9.33379745483,-3.86763095856,13.1530294418,22.6474704742,3.05415391922,-8.79978942871,-6.15663814545,F_Kcn-y-1bebo,True
-14.8295965195,-9.89815139771,-7.18598556519,6.92682552338,3.33241081238,-18.9481773376,-6.03246450424,6.52816057205,6.04254627228,1.21211993694,-11.751698494,-10.8896818161,-2.0870718956,4.42488384247,1.57582449913,-15.8702831268,-7.02399349213,11.6270723343,3.54060316086,-0.544464886189,-19.4550933838,-15.175784111,-12.246843338,6.07080459595,7.00607585907,-23.573677063,-11.3100948334,1.46730554104,5.1865234375,4.8857831955,F_nUiTNySs1Lk,True
-25.3806972504,8.77651309967,-0.417761474848,3.66927909851,4.5944943428,-23.6410999298,5.88051652908,-0.450323730707,2.35909676552,1.54635202885,-24.6372470856,7.73587465286,-1.25969207287,5.42319297791,6.15025901794,-22.897649765,4.83988046646,-1.29225373268,4.11301183701,3.10211706161,-17.0089035034,6.06363344193,1.99507570267,5.78582382202,5.01402664185,-15.2693090439,3.16763877869,1.96251428127,4.47564172745,1.96588408947,F_SXIzyO_5MFI,True
-0.0050880536437,1.88254511356,3.72408056259,11.7809257507,15.5985565186,-2.0687019825,9.42028236389,2.16995668411,14.4046669006,16.2203636169,-2.93892359734,-4.04917097092,-1.28682971001,6.06469488144,11.1041440964,-5.00253534317,3.48856663704,-2.84095406532,8.68843650818,11.7259540558,-0.693640887737,-1.94599282742,-2.34490060806,9.67764759064,19.2186012268,-2.75725579262,5.59174442291,-3.89902472496,12.3013839722,19.8404121399,F_rcp4eckcBoU,True
-6.015396595,3.41397547722,-2.57107591629,-5.30038642883,-7.88852739334,1.68466722965,-2.18960666656,1.27978146076,-4.09182024002,-7.90592718124,2.91008901596,6.8161945343,-0.765259206295,-2.87746763229,-6.48984956741,10.6101531982,1.21261191368,3.08559703827,-1.66890180111,-6.50725126266,-5.17151451111,9.84243202209,5.08817100525,-8.88012123108,-6.44732713699,2.52854824066,4.23885011673,8.93902683258,-7.67155599594,-6.46472883224,F_FKanE2sgW5I,True
-16.1047096252,14.0323381424,13.3132839203,-1.95816648006,-14.7250518799,-13.6398019791,11.2714948654,8.55125522614,4.53037548065,-13.3874473572,-14.7888946533,13.9685029984,13.9108171463,-6.08700275421,-9.89623451233,-12.3239908218,11.207657814,9.14878845215,0.4015404284,-8.5586309433,-10.762134552,13.0187368393,9.51382064819,-1.27787494659,-14.0504760742,-8.29723358154,10.257891655,4.75179100037,5.21066713333,-12.7128725052,B4X6jprOZ29wY,False
1.26932811737,9.20365715027,-8.87906551361,6.88288164139,9.62679862976,-1.96718919277,6.87678575516,-12.2083473206,5.77455091476,-1.90844333172,-4.0837059021,6.15494680405,-1.88439643383,10.3276853561,15.960682869,-7.3202214241,3.82807588577,-5.21367835999,9.21935462952,4.42543888092,1.89590930939,10.9840736389,-8.34831905365,8.55230617523,9.84030818939,-1.34061050415,8.65720272064,-11.6776008606,7.44397592545,-1.6949338913,F_6ClKTIhJizQ,True
-3.24465036392,10.7657842636,-3.66728973389,2.15804719925,-6.45584201813,-5.24881649017,14.4752187729,-3.84167957306,5.0964679718,3.24873805046,-5.7404460907,12.0491132736,-3.84996414185,1.0590788126,-5.19655799866,-7.74461174011,15.7585468292,-4.02435398102,3.99749994278,4.508020401,-0.143865376711,11.1980867386,-5.63272666931,1.57647812366,-7.13579654694,-2.14803171158,14.9075193405,-5.80711650848,4.51489830017,2.56878256798,B501TL9bUWr6I,False
-20.2405376434,7.75335597992,8.53181171417,0.359763115644,-14.5239315033,-18.6076412201,7.81937742233,9.12831783295,2.55439996719,-15.1816196442,-20.1997337341,7.58695268631,7.79989814758,-0.34578743577,-11.4072055817,-18.5668373108,7.65297746658,8.39640522003,1.84884881973,-12.0648918152,-21.0457496643,4.80255174637,8.25014781952,1.1876115799,-15.5364074707,-19.412853241,4.86857366562,8.84665584564,3.38224744797,-16.1940956116,F_AP5k17Dbx_M,True
-16.616897583,4.93302726746,11.4495210648,-1.57835161686,0.398266047239,-12.5754976273,-4.63877010345,8.30261707306,-17.255815506,-2.21172451973,-14.4018573761,10.6295862198,10.9918699265,-2.08818793297,1.26934790611,-10.3604574203,1.05778837204,7.84496545792,-17.7656536102,-1.34064352512,-18.2440128326,5.12369918823,10.0536899567,-6.99331998825,-0.703750371933,-14.2026128769,-4.44809818268,6.90678453445,-22.6707859039,-3.31374144554,F_WzdTXenuzCE,True
-8.1719045639,6.37786006927,-4.49008321762,5.28728151321,4.49503803253,-14.0129852295,10.6314373016,-4.70269536972,7.84751033783,-4.37513971329,-9.66960525513,5.36146640778,-2.52511167526,7.18239736557,5.18612861633,-15.510684967,9.61504459381,-2.73772239685,9.74263191223,-3.6840493679,-7.04110383987,6.20691585541,-0.450057119131,5.53146219254,0.376456171274,-12.8821868896,10.4604921341,-0.662667274475,8.09169101715,-8.4937210083,F_bzmzjfQRA-A,True
-11.7272872925,6.42441892624,-9.40032196045,4.84084320068,6.19509124756,-10.9269771576,7.09271001816,-7.04396295547,6.94167470932,5.67600870132,-15.0482244492,9.56694602966,-2.74653816223,2.83825826645,7.85867118835,-14.2479152679,10.2352371216,-0.39017662406,4.93909215927,7.33958768845,-12.2872543335,7.05235719681,-6.75890827179,5.82700681686,8.2922372818,-11.4869441986,7.7206492424,-4.40254878998,7.92783880234,7.77315568924,F_F9fEEqjuzcI,True
-16.4954147339,11.9235725403,-6.90343284607,2.69850468636,-3.38516736031,-18.723941803,12.9562835693,-6.27693414688,3.70804810524,-4.30706644058,-14.5393476486,10.9879264832,-6.00339078903,3.72723555565,-0.518521130085,-16.7678718567,12.0206356049,-5.37689256668,4.73677921295,-1.44041860104,-16.2337093353,12.5678024292,-7.0138425827,1.77047979832,-2.47458958626,-18.4622364044,13.6005115509,-6.38734292984,2.78002285957,-3.39648866653,F_2jGNGINIDTs,True
-3.95036554337,8.85936450958,3.01126408577,4.96826553345,-4.78584909439,-14.6512403488,8.63706970215,4.79492235184,2.05666804314,-2.5626411438,-4.47890043259,14.8642454147,3.34045338631,0.767061293125,-0.244571059942,-15.179775238,14.6419496536,5.1241106987,-2.14453721046,1.97863459587,-4.33762645721,10.4663438797,2.98628354073,1.20840752125,-2.31824040413,-15.0384998322,10.2440500259,4.76993989944,-1.70318984985,-0.095033891499,F_UbEgAw0uZkQ,True
-3.21065425873,0.13866481185,-3.07725143433,-12.395401001,-5.96133136749,-6.32733106613,0.778708994389,-2.41732168198,-13.386674881,1.99541807175,-1.28947865963,3.53949451447,-3.08698272705,-8.30606937408,-6.36516284943,-4.40615606308,4.1795372963,-2.42705249786,-9.29734420776,1.59158575535,2.36909246445,6.52348423004,-1.13009977341,-13.7044200897,-11.6580972672,-0.74758630991,7.16352891922,-0.470170348883,-14.6956939697,-3.70134830475,B2Y2KN-ZgfZAM,False
2.61960506439,5.19111537933,-5.72222232819,13.1609506607,11.1380624771,-1.4902998209,13.0761985779,-9.6505317688,2.78728890419,5.26918697357,5.74788570404,3.75937843323,1.36555922031,11.550620079,19.5533008575,1.63798034191,11.6444606781,-2.5627515316,1.17695844173,13.684425354,4.25847434998,4.43563461304,-5.4582324028,15.9414548874,12.2605133057,0.148568719625,12.3207168579,-9.38654136658,5.5677895546,6.39163684845,F_89P-QakkJfw,True
-12.0067367554,0.962321698666,-6.01758813858,6.76500988007,-6.4184012413,-5.33447217941,-3.06142997742,-5.94524669647,10.2229499817,-7.64684152603,-15.2788448334,10.2627973557,-3.44328546524,6.11674118042,-0.189227730036,-8.60657978058,6.23904514313,-3.3709435463,9.57468128204,-1.41766667366,-9.9670009613,0.831955373287,-0.59898763895,2.9153137207,-3.00167751312,-3.29473590851,-3.1917963028,-0.526645183563,6.37325239182,-4.23011732101,B1ZGm6cPzRcsE,False
2.94523453712,4.31104326248,6.22895050049,2.57639527321,-9.15624904633,5.49357128143,1.11549437046,4.04060983658,-1.60732090473,-7.56905078888,-6.5274887085,2.06075906754,8.9566526413,0.203388541937,-11.223698616,-3.97915315628,-1.13478672504,6.76831102371,-3.98032999039,-9.63649940491,-0.773336708546,1.89499485493,6.39555263519,4.01683473587,-10.4234838486,1.77499961853,-1.30055296421,4.20721101761,-0.166882067919,-8.8362865448,F__C-_1SIlpiA,True
-13.0322723389,5.00281953812,2.77226495743,-6.69926834106,2.33016180992,-12.3815765381,8.47269058228,2.89199662209,-7.73855066299,-0.855850279331,-13.4572219849,3.49536061287,1.83174192905,-5.29462718964,3.88776087761,-12.8065261841,6.96523332596,1.95147418976,-6.33390808105,0.701748788357,-11.7054347992,2.92073655128,1.8651586771,-6.66378450394,0.901089012623,-11.0547409058,6.39060926437,1.98489069939,-7.70306634903,-2.28492188454,F__aAMwBO1Tco,True
-2.25230574608,5.35020256042,18.3688488007,6.56486034393,-0.0821788683534,-7.34140396118,1.38506054878,9.79550647736,6.30956554413,4.67034339905,-1.57874500751,8.84793567657,20.4750041962,16.6602878571,-1.59053611755,-6.66784477234,4.882791996,11.9016637802,16.4049892426,3.16198515892,-4.73221254349,5.82913064957,7.84906482697,9.0822763443,-7.24076461792,-9.82131004333,1.86398863792,-0.72427213192,8.82698154449,-2.48824310303,F_j2WtUcsfR5s,True
-10.8231601715,-11.0622158051,-3.8496992588,-9.66029548645,-4.69567108154,-9.76477813721,-8.0991191864,-7.69476652145,-14.422082901,0.542828679085,-12.0453243256,-9.10540866852,-3.73544192314,-13.1691646576,-7.5653553009,-10.9869422913,-6.14231348038,-7.58050680161,-17.9309520721,-2.32685375214,-12.0172748566,-5.91400766373,-5.14847612381,-10.3367271423,-9.59901332855,-10.9588928223,-2.95091152191,-8.9935426712,-15.0985202789,-4.36051177979,F_oB2W0HIgpHg,True
-11.2953767776,11.0732831955,-6.16563796997,21.996011734,2.84354352951,-4.74367570877,15.2801332474,3.84405350685,18.1309890747,9.43531894684,-12.5535020828,9.6158285141,-6.22217750549,20.5346851349,6.73822498322,-6.00180006027,13.8226766586,3.78751301765,16.6696624756,13.3299970627,-10.8905496597,7.9591999054,-12.6440429688,17.0767726898,4.59260177612,-4.33884859085,12.1660509109,-2.63435053825,13.2117509842,11.1843767166,F_PZrW49YMeDs,True
-6.08517122269,6.14175367355,6.99970579147,6.08277654648,-1.41479158401,-11.3416624069,5.56987953186,-2.76285815239,0.42688152194,-2.99905014038,-3.89915156364,9.83971309662,8.10774803162,7.18465948105,5.20271110535,-9.15564441681,9.26784133911,-1.65481817722,1.52876377106,3.61845302582,-3.88036131859,6.51846933365,9.45889759064,7.15388727188,6.95938825607,-9.13685512543,5.94659614563,-0.303668677807,1.49799156189,5.37513256073,F_CoJLjtzmbxI,True
-10.8161945343,15.333729744,-2.12028598785,7.43091535568,6.61135435104,-9.52053833008,9.86111450195,7.13635730743,4.46278142929,9.83999633789,-9.40023994446,16.8911380768,-6.94288301468,3.26705670357,14.4094257355,-8.10458564758,11.4185161591,2.31376075745,0.298925369978,17.6380653381,-13.1343231201,13.7749099731,-4.41242694855,9.00794792175,11.1277694702,-11.8386688232,8.30228996277,4.84421777725,6.03981542587,14.3564100266,F_n1cCs-S5EKc,True
-0.485900074244,-3.16572475433,13.8859910965,-3.12021493912,13.022482872,1.49717259407,-0.728192329407,10.2784013748,-0.219404041767,7.01257324219,-0.692086338997,-6.22997045517,13.7864332199,-0.187185019255,13.6269044876,1.29098677635,-3.79243922234,10.1788415909,2.7136259079,7.61699390411,-1.68767654896,-4.32736063004,14.4213037491,-2.47354674339,14.0240182877,0.295395821333,-1.88982880116,10.8137159348,0.427263438702,8.01410961151,B401TL9bUWr6I,False
-12.7835073471,3.68396377563,-7.63068342209,-9.36362457275,4.05687427521,-12.0381755829,4.27668714523,-6.89230155945,-8.54997253418,3.69124603271,-11.2305345535,4.7439994812,-6.75240564346,-11.5971374512,5.15451669693,-10.485203743,5.33672094345,-6.01402330399,-10.7834844589,4.78889131546,-12.7335834503,4.79786205292,-7.13854074478,-9.0858001709,3.30129861832,-11.9882526398,5.39058446884,-6.40015983582,-8.27214813232,2.93567180634,F_7iVb3kXL_rU,True
-1.86921560764,1.51778304577,-1.61811590195,-2.13905572891,-4.92285823822,0.829456984997,2.53932619095,-4.84244394302,-3.73597979546,-3.36926221848,-1.52397215366,4.86318874359,-5.54321289062,-4.95341205597,-3.37916207314,1.17470133305,5.88473129272,-8.76754283905,-6.55033540726,-1.82556605339,-1.56305086613,1.0439003706,-2.7343711853,-2.84372901917,-7.10932445526,1.13562405109,2.0654437542,-5.95869827271,-4.44065332413,-5.55572795868,F_iDjxOXkgHBc,True
-13.5539188385,3.88600492477,2.33947682381,8.50769424438,-1.43238031864,-14.5667314529,7.3717713356,-0.407730728388,10.1121225357,-2.60080289841,-12.7006797791,2.56590867043,5.94027376175,4.79524993896,-1.88040602207,-13.7134904861,6.05167579651,3.1930668354,6.39968156815,-3.04882860184,-18.6546897888,2.18372750282,3.66607713699,12.5612239838,-0.746307015419,-19.6675033569,5.66949367523,0.91886985302,14.1656532288,-1.91472876072,F_Ks1kArpMj-o,True
-8.08729743958,29.6096897125,-1.16264390945,-20.9980354309,-24.9465904236,-8.35647010803,31.1770401001,0.305152446032,-15.977809906,-24.7487697601,-8.2870349884,29.6599140167,2.37720966339,-24.7605190277,-28.1704368591,-8.55620765686,31.2272605896,3.84500670433,-19.7402858734,-27.9726161957,-8.08786678314,28.8187885284,-1.29482221603,-21.043258667,-25.8899078369,-8.3570394516,30.3861312866,0.172975093126,-16.0230312347,-25.6920871735,F_15vIHoDwJG4,True
-3.67990493774,0.590390563011,5.90529823303,4.79304218292,-12.1579685211,-5.54456233978,4.92276334763,4.70800209045,1.46773946285,-16.4433822632,-4.37345218658,2.85045790672,5.97630882263,4.26793479919,-11.1917324066,-6.2381105423,7.18283224106,4.77901172638,0.942634105682,-15.4771490097,-8.48355197906,1.10309064388,2.49278283119,4.73111057281,-12.7468471527,-10.3482074738,5.43546438217,1.2954877615,1.40581071377,-17.0322608948,F_BgPMunO3Myw,True
-3.73037934303,-0.375574499369,0.0813502445817,4.7323718071,-9.91816806793,-4.07909059525,-0.172863870859,0.0129174366593,4.04272270203,-7.25664234161,-4.2975230217,-0.166483789682,0.207910448313,6.36902952194,-7.71292734146,-4.64623403549,0.0362273231149,0.139477163553,5.67938184738,-5.05140113831,-2.5793671608,-0.217121511698,-0.337546437979,5.24234437943,-10.0975084305,-2.92807865143,-0.0144099220634,-0.405979245901,4.55269622803,-7.43598270416,F_wNeoWLEtQjI,True
-10.8846845627,-5.77043294907,-1.66518366337,-16.4997673035,-3.79611301422,-7.53960371017,-6.30212163925,4.13853645325,-2.99004173279,2.70558142662,-8.35454273224,-0.144930154085,-1.04923784733,-12.4326095581,-7.86979341507,-5.0094628334,-0.67661935091,4.75448226929,1.07711863518,-1.36809742451,-9.61481952667,-0.867667913437,-1.96286547184,-11.0847167969,-2.55878067017,-6.26973962784,-1.39935743809,3.84085416794,2.42501211166,3.94291305542,F_zdwQBU4QzTw,True
-7.48491334915,7.12882566452,-5.59631109238,2.00213217735,8.24217891693,-10.1794939041,-0.546944379807,1.28035318851,-4.13276958466,2.33987212181,-9.09990024567,9.66480445862,-3.33305096626,0.706028044224,11.7302694321,-11.7944822311,1.98903334141,3.54361200333,-5.42887592316,5.82796430588,0.288314968348,10.6620674133,-3.46394181252,0.61185413599,5.20730257034,-2.40626907349,2.98629808426,3.41272211075,-5.52304792404,-0.695002675056,F_XdWjpoXOhXk,True
-17.3448028564,4.6995306015,4.69837379456,-11.4098024368,-1.1638725996,-15.8501253128,4.25021934509,4.89045000076,-13.4211320877,-4.07518291473,-15.5379829407,1.02990436554,6.81395244598,-11.1726121902,-1.2467520237,-14.043305397,0.580590188503,7.00602531433,-13.1839399338,-4.1580619812,-23.4161491394,-1.17599093914,5.57899951935,-11.1546125412,-0.404758483171,-21.9214744568,-1.62530457973,5.77107334137,-13.1659402847,-3.31607031822,F_kqGYv5rLGJI,True
-3.82164049149,9.99739074707,1.74261641502,4.77758073807,-4.00085401535,-8.35722446442,11.2532052994,-5.94254636765,1.58347713947,-3.25375556946,-3.59153032303,19.1326179504,0.820663690567,4.80213880539,-3.2600479126,-8.12711429596,20.3884334564,-6.86449861526,1.60803353786,-2.51294803619,1.61383271217,17.2969646454,1.1544034481,2.30085635185,-3.69651269913,-2.92175078392,18.5527801514,-6.53075838089,-0.89324682951,-2.94941425323,F_8TOTUOFMjuo,True
-2.71912193298,2.83127140999,7.6578412056,2.32886552811,9.23769760132,-0.538515865803,-3.75299453735,6.21519327164,2.62505722046,5.974360466,-2.11347961426,3.96360731125,8.89207744598,2.11179161072,11.4204883575,0.0671273767948,-2.62065792084,7.44942808151,2.40798330307,8.15715122223,-5.04448843002,1.15129959583,8.18403053284,2.70381546021,8.77335929871,-2.86388254166,-5.43296575546,6.74138116837,3.00000691414,5.51002216339,F_hyGJBV1xnJI,True
0.634420633316,-4.5273733139,-0.760471463203,-0.067303173244,5.51347303391,-1.38399636745,-4.20140886307,0.82583963871,-2.63302636147,13.7599868774,1.11522698402,-5.34766483307,-2.30943202972,-2.54450964928,4.3872923851,-0.903188228607,-5.02170038223,-0.72312104702,-5.11023044586,12.6338062286,5.04354810715,-5.01502990723,-1.38351094723,1.39960753918,3.78542685509,3.02513217926,-4.68906545639,0.202800244093,-1.16611480713,12.0319404602,F_EidtuNDNbwY,True
-3.03509998322,9.31062316895,-12.0041103363,2.30029678345,-5.96772146225,-12.9848060608,8.13732433319,-8.65049362183,5.34919834137,-2.81155395508,-2.28646802902,7.08240795135,-12.7165374756,0.0916911140084,-5.63914203644,-12.2361793518,5.90911197662,-9.36292266846,3.14059448242,-2.48297405243,-6.80827188492,9.30992507935,-10.9042224884,2.25887107849,-5.83143758774,-16.7579841614,8.13662624359,-7.55060577393,5.30777454376,-2.67527008057,F_6d6oBTmEbRM,True
-24.7713928223,5.00218057632,-8.0822467804,0.857058525085,-4.85898923874,-31.7858448029,6.74847555161,-5.58128833771,7.99759244919,-5.05267953873,-23.9991893768,-0.443898946047,-4.22064208984,-2.74284362793,-4.75273942947,-31.0136394501,1.30239760876,-1.71968281269,4.39768981934,-4.94643068314,-23.4388484955,2.98683404922,-6.93952989578,-3.54025602341,0.26424869895,-30.4533042908,4.73313093185,-4.43856906891,3.60027694702,0.0705584958196,F_SIF3PyPdQkM,True
1.09259366989,-2.35234999657,7.61593961716,-17.8593673706,3.26005029678,-2.82114672661,5.68668603897,14.57172966,-17.5029430389,-0.814108669758,4.86800098419,-2.83237457275,6.82320594788,-16.2559719086,5.95813417435,0.954261898994,5.2066617012,13.7789955139,-15.8995466232,1.88397419453,4.4314827919,-0.890098690987,4.53442525864,-17.0672931671,9.3719367981,0.517743468285,7.1489367485,11.4902153015,-16.7108669281,5.29777622223,B1hVUP9r0PMVs,False
-11.4807863235,-9.35147571564,-3.76044034958,-10.1975412369,-11.9106178284,-9.97225475311,-8.85273075104,-6.82300233841,-4.10201501846,-7.34779548645,-6.89572954178,-1.04152023792,4.04514741898,-7.12878465652,-9.27090549469,-5.38719892502,-0.542775213718,0.982587635517,-1.03325903416,-4.70808315277,-9.97886753082,-1.40627110004,2.47434949875,-6.98943948746,-7.19957208633,-8.47033596039,-0.907526135445,-0.588209807873,-0.893914282322,-2.636749506,F_bg1pjsCTIRc,True
-9.64119625092,-0.658478975296,-5.00070381165,0.804469227791,-12.068230629,-12.6888637543,1.82143259048,-3.87297463417,-8.90325927734,-10.2248106003,-13.5211925507,1.01186239719,-3.03784060478,4.3559422493,-10.3474779129,-16.5688591003,3.49177408218,-1.91011345387,-5.35178661346,-8.50405693054,-11.1554737091,-2.72512531281,-8.22119522095,-1.20426952839,-8.73472499847,-14.2031402588,-0.24521318078,-7.09346723557,-10.9119958878,-6.89130783081,B1uglCr8ueyv8,False
-10.7463321686,14.7565221786,-4.36279821396,2.73842430115,-3.58508300781,-9.83634376526,13.5147924423,-2.86625432968,0.667235851288,-3.54633331299,-9.2532043457,14.6447782516,-0.779337286949,-2.37272620201,-5.30263853073,-8.34321498871,13.4030485153,0.717206716537,-4.44391441345,-5.26388883591,-11.9160690308,16.8551292419,0.277730077505,4.16014146805,-4.75217723846,-11.0060806274,15.6134023666,1.77427268028,2.08895325661,-4.71342802048,F_HFkYJofKBis,True
-11.7088756561,8.25561332703,-13.5855474472,-8.03186607361,1.07860517502,-6.1050863266,11.5866861343,-0.526677846909,-6.63798332214,1.54917502403,-10.1194801331,7.69799613953,-13.0093564987,-9.98302555084,-2.42767333984,-4.51569366455,11.0290727615,0.0495154336095,-8.58914470673,-1.95710504055,-5.27344036102,6.92376708984,-9.70725917816,-13.4407691956,0.461209326982,0.330346852541,10.2548446655,3.3516099453,-12.0468883514,0.931779265404,F_aqvxyejK0MQ,True
-15.2799463272,10.2500286102,-12.7294645309,-17.6067848206,-10.0952014923,-9.85924816132,4.25483798981,-8.79119777679,-2.56051778793,-7.85356044769,-18.8734207153,7.1537694931,-15.2593660355,-12.6021842957,-11.4390554428,-13.4527196884,1.1585829258,-11.321097374,2.44408321381,-9.19741630554,-16.9942111969,6.31608486176,-17.0192146301,-17.3746986389,-14.170343399,-11.5735092163,0.320896476507,-13.0809469223,-2.3284330368,-11.9287033081,F_PosKL3to6l8,True
4.39190101624,-9.75329208374,-9.63062000275,-2.25791573524,-15.2716312408,-1.32231318951,-2.24741196632,-11.2399616241,-0.238291978836,-10.7838630676,4.21473121643,-10.2573833466,-9.7615480423,-1.04707753658,-12.8467063904,-1.49948298931,-2.75150513649,-11.3708896637,0.972547054291,-8.35893917084,9.27119922638,-7.63176107407,-11.2836427689,-1.0472458601,-19.1106624603,3.55698752403,-0.125881105661,-12.8929824829,0.972379207611,-14.6228971481,F_lanCzRFNoy8,True
-13.9632425308,10.5690822601,-1.62089705467,-1.6564770937,-8.11154651642,-12.8750305176,6.62144804001,-4.57957220078,-2.91509819031,1.50342750549,-12.2748613358,11.213432312,0.487038820982,-0.668888688087,-10.3472175598,-11.1866531372,7.26579904556,-2.47163581848,-1.92750680447,-0.732244491577,-14.7250795364,8.65436172485,-1.78410077095,-5.4252371788,-12.2758846283,-13.6368713379,4.70672655106,-4.74277544022,-6.68385744095,-2.66091060638,B1T22VWizYLOA,False
-0.105255149305,9.14182376862,2.86806416512,-0.321067363024,-7.65455341339,-1.03902745247,8.6653881073,1.8101401329,-0.324400156736,-5.50202560425,0.195765405893,9.33382320404,3.99240398407,1.39530611038,-7.78550720215,-0.738006830215,8.85738754272,2.93448019028,1.39197289944,-5.63297939301,-1.05335795879,9.82656955719,2.76843833923,-0.998689293861,-8.70779132843,-1.98713052273,9.35013389587,1.71051454544,-1.00202190876,-6.55526447296,F_HWpgOjAvUps,True
-11.0906248093,0.626348376274,8.83128070831,1.00363266468,1.27754354477,-6.98581409454,12.4097251892,-5.29768705368,-2.87665939331,3.85400152206,-11.1203660965,1.12203454971,10.5692491531,-3.40885949135,0.400919824839,-7.01555252075,12.9054098129,-3.55971837044,-7.28915119171,2.97737836838,-11.3843507767,10.6169090271,12.0779352188,-3.91540765762,1.63176250458,-7.27953910828,22.4002819061,-2.05103254318,-7.79570007324,4.20822191238,F_wrOjBRqPHjU,True
-10.7985754013,15.1546611786,8.20854282379,5.62993240356,-6.41777896881,-14.4630584717,14.6355676651,12.2927646637,6.28228092194,-5.25735330582,-1.49569427967,14.1138439178,6.53134059906,3.11965584755,-2.39482879639,-5.16017580032,13.5947504044,10.6155614853,3.7720041275,-1.23440277576,-8.59935379028,13.9312782288,3.81853866577,5.13008213043,-2.92140007019,-12.263835907,13.4121866226,7.90276098251,5.78243017197,-1.76097381115,F_FriaMvobUi0,True
-2.61458992958,5.40902137756,-0.966106534004,2.53419137001,0.31745699048,3.12129163742,-1.15411531925,0.13907673955,2.30864167213,-2.68474149704,-2.2034933567,5.68468999863,-1.24628937244,4.89280462265,-2.02311944962,3.5323870182,-0.878447890282,-0.141107112169,4.6672539711,-5.02531814575,-1.86277890205,1.25607657433,-7.53348779678,-1.51436674595,1.62194168568,3.87310194969,-5.30706262589,-6.42830276489,-1.73991596699,-1.38025653362,F_S4CqTV9eEkI,True
7.24998044968,7.76373529434,5.12255239487,7.61706256866,6.67820501328,6.83637571335,4.65360832214,8.5439157486,10.5466136932,-1.3589360714,5.68091058731,6.12453317642,3.21947574615,4.62850046158,0.920061707497,5.26730680466,3.01440620422,6.64084196091,7.55805063248,-7.11708068848,9.40343284607,2.68027472496,4.31273365021,10.9519815445,2.8744032383,8.98982810974,-0.42985239625,7.73409986496,13.8815307617,-5.16273736954,F_WeI44K6kCRU,True
-6.59929943085,2.92742872238,-3.42397212982,10.2582178116,-6.746073246,-3.66655278206,2.86034822464,-3.16494774818,7.86221837997,-9.2763261795,-4.43458366394,3.4125418663,-2.28437447548,8.41641712189,-1.91366565228,-1.50183868408,3.34546232224,-2.02535033226,6.02041769028,-4.44391870499,-4.10272455215,7.14126634598,-4.67986488342,9.16468524933,-5.06240034103,-1.16997718811,7.07418680191,-4.4208407402,6.76868486404,-7.5926527977,F_uxkuLHrMLMM,True
-12.9996404648,7.09965991974,-2.60290527344,-4.48420953751,4.04271602631,-6.01340675354,5.15200567245,-2.47745466232,-2.12992238998,9.35654830933,-14.9644765854,10.2356863022,-0.593874454498,-4.80753183365,6.45968294144,-7.97824048996,8.28803157806,-0.468423813581,-2.45324468613,11.7735147476,-12.0015268326,10.9357414246,0.680493235588,-9.03583526611,-0.590737640858,-5.01529502869,8.98808383942,0.80594342947,-6.68154621124,4.72309160233,F_raCFAL5CZEU,True
-1.23489379883,6.37145042419,-3.327937603,5.78672981262,4.52040910721,-4.58997440338,7.71830177307,1.68253791332,4.39511108398,2.74132633209,-0.467603713274,6.64109802246,-5.61421489716,1.71255850792,-1.03646409512,-3.82268285751,7.98794937134,-0.603738903999,0.320937275887,-2.81554698944,1.60104858875,8.48461532593,-3.08471179008,8.31306934357,0.423551112413,-1.75403189659,9.83146762848,1.92576253414,6.92144823074,-1.35553109646,F_b-MbEx1Iqj8,True
