3.72351551056,3.90809845924,-1.46154654026,6.48564243317,-6.54419231415,0.489836186171,4.2721452713,0.929706156254,4.43442153931,-2.86757183075,-2.20303153992,8.54431629181,0.545408546925,8.69090270996,-4.77217960358,-5.43671226501,8.90836143494,2.93666195869,6.63968038559,-1.09556031227,2.86079931259,11.0763950348,-5.86232662201,8.67368602753,-5.84041213989,-0.372881323099,11.4404401779,-3.47107219696,6.62246274948,-2.16379308701,B101TL9bUWr6I,False
0.74143075943,7.83973407745,-6.43956136703,14.2477235794,-5.81099891663,-2.39281272888,7.31997060776,-0.538885653019,12.7856035233,6.40602254868,-1.81287181377,3.32249069214,-15.1552143097,7.06469106674,-5.91216182709,-4.94711351395,2.80272889137,-9.25453472137,5.60257101059,6.30485963821,-0.772620558739,7.10637378693,-10.0414876938,11.0344438553,-3.3902285099,-3.90686416626,6.58660840988,-4.14080953598,9.57232379913,8.82679271698,B1ADMcXAQCzo0,False
-0.0714125707746,-13.9253816605,-8.49941158295,-9.75082397461,-8.19964599609,-0.67695069313,-8.62875366211,-8.9320192337,-4.40588283539,-8.71671104431,-5.43382883072,-15.3908185959,-7.58812093735,-8.67964172363,-6.72371292114,-6.03936624527,-10.0941915512,-8.02072811127,-3.33470463753,-7.24078464508,-0.220108479261,-14.5643873215,-9.68855190277,-5.23488807678,-5.92332077026,-0.825647234917,-9.26775836945,-10.1211585999,0.11005089432,-6.44039058685,B1hVUP9r0PMVs,False
-2.35027885437,-14.8184013367,12.8940753937,-4.8461689949,-3.81436729431,-9.3016242981,-12.5586767197,13.7711200714,5.83058404922,-4.87722253799,0.197581857443,-16.5855541229,8.25846099854,-3.51806879044,-8.00343608856,-6.75376319885,-14.3258295059,9.13550853729,7.15868425369,-9.06629371643,-1.49575412273,-17.4516239166,9.83617210388,-3.65843629837,-7.61685705185,-8.44709873199,-15.1918973923,10.7132158279,7.01831769943,-8.67971038818,B1mOABN2abDq0,False
-4.65409994125,3.97756719589,-8.02280807495,12.3668699265,-15.2870168686,-3.48447847366,1.61429738998,-2.29407286644,10.4120531082,-16.2324047089,1.3215624094,0.0589849501848,-7.99085664749,3.62251162529,-16.0009689331,2.49118518829,-2.30428528786,-2.26212191582,1.66769361496,-16.9463558197,-4.40113830566,4.27628755569,-10.2432842255,10.3195867538,-13.4363832474,-3.23151636124,1.91301774979,-4.5145483017,8.36477184296,-14.381772995,B1RsaXI-SKchA,False
-8.37100315094,8.45581054688,-6.76943302155,11.7710475922,-8.22972106934,-7.54526281357,9.61577415466,-13.1768007278,14.7468271255,-2.89134073257,-8.26119422913,6.0685133934,-9.13399028778,11.0162963867,-3.75694441795,-7.43545293808,7.22847652435,-15.5413579941,13.9920740128,1.58143782616,-7.62223482132,7.80044937134,-8.39962863922,10.4696655273,-4.07402563095,-6.79649305344,8.96041297913,-14.8069972992,13.4454450607,1.26435542107,B1T22VWizYLOA,False
-8.20882701874,-1.34047687054,7.63129615784,14.2554521561,-13.6579093933,-2.16556978226,3.06179428101,7.95365190506,9.87281131744,-11.2947816849,-9.39059448242,-0.0937442108989,7.40454673767,13.9816522598,-14.5461921692,-3.34733748436,4.30852508545,7.72690248489,9.59901237488,-12.1830606461,-8.60735988617,0.301720201969,6.91137886047,12.0789079666,-14.1360168457,-2.56410312653,4.70399093628,7.2337346077,7.69626617432,-11.7728872299,B1tREHGodIEZk,False
-12.2002296448,-2.52040338516,-4.92118549347,-1.17283070087,0.464700549841,-4.0185675621,-3.29124903679,-3.87915301323,-1.67062950134,-1.16117668152,-9.72750282288,4.6843919754,-3.05715680122,0.792511701584,6.99108362198,-1.54583704472,3.91354441643,-2.01512694359,0.294713884592,5.36520624161,-8.4725189209,-5.66929101944,-10.4627857208,3.19588565826,-1.15119707584,-0.290852576494,-6.44013738632,-9.42075634003,2.69808745384,-2.77707338333,B1U5XS34QmUuI,False
6.53045225143,0.546126246452,-8.12400531769,7.39235115051,1.56955039501,-1.42568171024,3.40968704224,-3.07570314407,7.03307914734,8.23327445984,7.48124647141,1.48660957813,-2.73265480995,8.23810100555,1.67370116711,-0.474885851145,4.3501701355,2.31564712524,7.87882709503,8.33742523193,8.77016448975,-3.47749090195,-8.37671375275,6.56415748596,0.268820375204,0.814031243324,-0.613931179047,-3.32841014862,6.20488739014,6.93254423141,B1uglCr8ueyv8,False
3.13034772873,4.81162929535,3.06238627434,10.4668130875,-6.33610630035,3.21896839142,1.93413674831,-3.92399263382,12.4996547699,-7.67525577545,-2.09580278397,7.67945098877,0.600830495358,10.0849847794,-5.47254085541,-2.0071823597,4.80195760727,-6.38554620743,12.1178245544,-6.81169223785,-0.247876256704,4.07998895645,2.51124310493,9.38353633881,-6.19973087311,-0.159255772829,1.20249593258,-4.47513341904,11.4163761139,-7.53888034821,B1vveolbpbm3E,False
-2.70729899406,-10.2388401031,-5.62503576279,-1.29542195797,-10.2301206589,1.38168942928,-6.67094326019,-6.2685084343,-4.7549829483,-0.0733347460628,-2.14396071434,-9.65542602539,-0.595808148384,-3.82839727402,-8.79739570618,1.94502770901,-6.08753013611,-1.23928177357,-7.28795909882,1.35938549042,0.720299422741,-6.90397405624,9.25692462921,-7.12918710709,-0.22199884057,4.80928659439,-3.33607625961,8.61345005035,-10.5887470245,9.93478488922,B1X6jprOZ29wY,False
-1.4696829319,2.51195788383,-7.06677865982,15.6487417221,-15.6258764267,2.04874396324,-7.06339454651,2.01809501648,23.0721111298,-15.4678468704,-10.0658569336,5.19964265823,-10.7395534515,17.990524292,-18.5046672821,-6.54743099213,-4.37571001053,-1.65468096733,25.4138946533,-18.3466339111,-3.6772043705,2.01649165154,-3.87384700775,15.5980291367,-21.6391601562,-0.158778190613,-7.55886077881,5.21102571487,23.0213985443,-21.4811286926,B1Y2KN-ZgfZAM,False
-1.05400907993,-3.46149349213,-0.383104175329,5.93754482269,-1.11780762672,-2.43273162842,0.307295411825,8.43930625916,2.05399489403,-1.28978931904,-8.83951854706,-12.5363283157,-13.2265281677,-2.03279852867,0.531635046005,-10.2182407379,-8.76753902435,-4.40411949158,-5.91634845734,0.359652847052,-6.60981178284,-6.77413463593,-4.2726931572,10.3430347443,1.13951659203,-7.98853349686,-3.00534653664,4.54971408844,6.45948457718,0.967534303665,B1ZGm6cPzRcsE,False
-0.746794939041,-5.00383996964,-12.3104639053,-2.46504712105,-12.7632904053,-2.82036685944,4.38906621933,-13.9186620712,-2.42404222488,0.245089620352,-5.7190694809,6.2137260437,-12.562918663,3.86013650894,-18.8922901154,-7.79264163971,15.606631279,-14.1711130142,3.90114212036,-5.8839097023,-7.05901432037,3.0428571701,-11.4536581039,-0.0643646791577,-14.4132518768,-9.13258552551,12.4357633591,-13.0618600845,-0.0233590528369,-1.40487086773,B201TL9bUWr6I,False
-15.0672197342,-6.13895082474,-4.94904708862,17.434129715,3.23619508743,-5.34129524231,-1.14032304287,0.935283541679,14.5767002106,7.08775663376,-20.6412982941,-10.0371694565,-1.48412239552,15.5271749496,0.412618249655,-10.9153757095,-5.03854036331,4.40020799637,12.6697416306,4.26418066025,-1.5714533329,2.17521691322,-4.37793731689,23.2037372589,-3.81874918938,8.15446853638,7.1738448143,1.50639379025,20.3463058472,0.0328126326203,B2ADMcXAQCzo0,False
-10.8021612167,-0.348849922419,-20.1037712097,13.9186296463,3.56468653679,-12.0889158249,-5.14237213135,-11.3313388824,21.1937294006,5.1399641037,-9.06154441833,2.73577046394,-17.7216205597,7.20708036423,3.97175383568,-10.3482999802,-2.05774950981,-8.94918441772,14.4821777344,5.54703140259,-12.9841833115,5.44987487793,-11.8624544144,11.1129360199,3.0850789547,-14.2709379196,0.656355857849,-3.09001755714,18.3880329132,4.66035556793,B2uglCr8ueyv8,False
6.42921829224,3.53496408463,-9.47403144836,16.8058700562,-17.1675720215,1.30725896358,1.91793441772,-2.73452043533,10.3827543259,-14.0837516785,7.90981149673,4.68982362747,-7.19023609161,17.3234195709,-15.1830101013,2.78784990311,3.07279253006,-0.450723618269,10.900302887,-12.0991897583,6.08386421204,0.25000077486,-15.3024501801,17.1171875,-21.4509010315,0.961903095245,-1.36702990532,-8.56293869019,10.6940689087,-18.3670825958,B2Y2KN-ZgfZAM,False
-0.377070516348,2.88531255722,-4.4415640831,2.47311925888,1.08785831928,21.3165569305,-2.93531560898,-6.79621982574,10.7016477585,-7.21115732193,-0.406486600637,-3.62663030624,3.35923886299,-1.07081830502,-2.83571815491,21.2871398926,-9.44725799561,1.00458216667,7.15771150589,-11.1347332001,-5.03610754013,0.264644265175,10.9783449173,7.14331483841,4.78022527695,16.6575183868,-5.55598306656,8.62369060516,15.3718452454,-3.51879119873,B301TL9bUWr6I,False
3.08744359016,-12.8682088852,4.46058416367,14.1660747528,7.3109087944,1.18133366108,-8.42559719086,5.57051086426,13.018907547,0.569608330727,-2.40406227112,-10.9903926849,7.38172149658,13.9218540192,3.52228426933,-4.31017303467,-6.54778146744,8.49164962769,12.7746887207,-3.2190144062,0.146597161889,-10.36186409,3.23992872238,17.38996315,6.94363355637,-1.7595127821,-5.91925382614,4.34985351562,16.2427940369,0.202333122492,B3ADMcXAQCzo0,False
-4.50262546539,-3.30981755257,-1.00939261913,-0.61418569088,0.333699733019,-0.033055447042,-9.97824668884,-2.82955217361,0.731006741524,-5.74928998947,-1.30653083324,-0.0204548165202,-6.54760551453,5.30772733688,1.82137787342,3.16303920746,-6.68888473511,-8.36776638031,6.65291976929,-4.2616109848,2.1242377758,0.665370583534,-7.56670570374,2.92201375961,-0.937519192696,6.59380865097,-6.00305986404,-9.38686275482,4.26720523834,-7.02051115036,B3U5XS34QmUuI,False
-0.216978639364,-1.36563634872,10.0213747025,-5.36728477478,-3.09634256363,1.54986107349,-6.31960678101,6.86285018921,-2.88650536537,-5.6830329895,-4.00287866592,-4.06205224991,2.98649406433,-4.67919826508,0.865370512009,-2.23603916168,-9.01602172852,-0.172031998634,-2.19842028618,-1.72131943703,-0.678897440434,-5.74268198013,6.76217889786,-7.00440883636,1.62038516998,1.08794128895,-10.6966514587,3.60365200043,-4.52362918854,-0.966304898262,B3X6jprOZ29wY,False
-8.07378196716,1.49706506729,-11.326300621,-4.4014248848,-8.56414031982,-4.68339967728,-2.24397945404,-12.1226119995,-8.17498588562,-6.22384309769,-9.82142734528,2.40767288208,-10.7311458588,-5.32945775986,-9.22159767151,-6.43104505539,-1.33337283134,-11.5274581909,-9.10301971436,-6.88130140305,-11.8205852509,0.940293729305,-10.5486850739,-4.16977453232,-7.35759210587,-8.43020248413,-2.80075073242,-11.344997406,-7.94333696365,-5.01729440689,B401TL9bUWr6I,False
-4.825070858,-11.239317894,8.83375167847,-7.40281915665,-0.131435006857,-1.28443133831,-9.91713047028,2.55926299095,-8.51840019226,0.396454244852,0.212356179953,-13.4037513733,7.61082649231,-4.89569091797,-3.25712919235,3.75299501419,-12.0815610886,1.33633935452,-6.01127004623,-2.72924041748,-0.341240316629,-12.1732807159,6.98338222504,-3.36921691895,1.14646875858,3.19940042496,-10.8510904312,0.7088945508,-4.48479700089,1.67435777187,B4X6jprOZ29wY,False
8.7960767746,-3.84918045998,-3.5938668251,14.5568561554,-11.9343690872,0.0341591015458,-7.33329820633,-4.75839662552,7.81868839264,-2.59547996521,11.5502338409,-3.25929093361,-2.86861991882,16.9988708496,-14.6528120041,2.78831768036,-6.74340867996,-4.03315019608,10.2607049942,-5.31392240524,6.08909320831,-5.87105512619,1.91107809544,17.9245872498,-4.79576349258,-2.67282152176,-9.35517120361,0.746547460556,11.1864213943,4.5431265831,B501TL9bUWr6I,False
0.79337733984,-10.8160247803,-12.0671310425,-17.5022678375,-2.69961023331,5.17475271225,-20.0521755219,-7.8681063652,-11.531794548,-1.480265975,-1.33023941517,-5.74375200272,-12.287727356,-16.5428657532,1.81218850613,3.05113601685,-14.9799013138,-8.08870029449,-10.5723953247,3.03153657913,1.5722335577,-6.41580057144,-12.8276119232,-16.6902389526,1.19561040401,5.95360898972,-15.6519498825,-8.6285867691,-10.7197685242,2.41495752335,B5X6jprOZ29wY,False
-1.99721252918,1.3773277998,-16.3890609741,-4.27259111404,-20.9896659851,-2.1337864399,3.13742280006,-15.4600000381,-0.359895259142,-20.5331230164,-1.12833154202,2.30395197868,-13.016702652,-8.09354114532,-22.5660743713,-1.2649050951,4.06404733658,-12.0876398087,-4.18084764481,-22.1095314026,-0.966255068779,0.998847126961,-15.3677330017,-5.69222974777,-20.1921348572,-1.10282862186,2.75894236565,-14.4386701584,-1.7795342207,-19.7355937958,F_0-ByBCf1biM,True
2.46681690216,6.98579454422,2.10400557518,-1.48004341125,-1.83874225616,4.15893697739,4.77889680862,0.276309937239,-12.7245855331,3.84691905975,5.32909345627,8.79756736755,1.08849799633,5.62963581085,-3.56886577606,7.02121400833,6.59066867828,-0.739197969437,-5.61490917206,2.11679410934,3.99838733673,11.2004699707,4.26270627975,2.10117387772,-4.40053844452,5.69050931931,8.99357414246,2.43501091003,-9.14336395264,1.28512179852,F_05gGCvIopwE,True
-2.26098823547,-0.914366364479,9.67770195007,3.276699543,13.5235538483,-1.7673612833,0.729658007622,-3.24551916122,9.33690452576,17.287607193,-1.07961308956,-6.31161689758,9.997590065,3.27070379257,5.69869184494,-0.585986018181,-4.66759347916,-2.9256310463,9.330909729,9.4627456665,-1.72426998615,-2.68188095093,10.3734025955,1.80634427071,11.4923191071,-1.23064291477,-1.03785634041,-2.5498175621,7.86655139923,15.2563724518,F_08c8C6AJSVY,True
5.3837018013,2.83261966705,3.64688372612,9.66631984711,4.74540805817,4.51594209671,0.34563729167,4.02891254425,9.13745594025,2.98906373978,6.06886720657,1.19752693176,0.167555689812,7.50587749481,8.67225456238,5.20111036301,-1.28945577145,0.549585103989,6.97701406479,6.91590976715,10.9576406479,7.17547512054,-3.73105144501,11.6453676224,10.8269901276,10.0898866653,4.68849039078,-3.34902143478,11.1165037155,9.07064628601,F_0xGFSes8qgY,True
4.97173976898,-10.364815712,-2.81459331512,-3.93359422684,6.86912488937,8.00727272034,-8.2460308075,-5.96214962006,0.545648276806,4.50011491776,3.65467810631,-13.867638588,0.0249615982175,-3.86016511917,5.19261980057,6.69021034241,-11.7488536835,-3.12259578705,0.619076490402,2.8236105442,4.65604972839,-10.9791955948,-2.503947258,-3.43332242966,6.82346773148,7.69158315659,-8.86041069031,-5.65150403976,1.04591906071,4.45445871353,F_15vIHoDwJG4,True
-10.1806335449,-17.3773536682,0.803902506828,4.55645656586,-5.21113538742,-10.5103359222,-13.6087903976,-5.02475070953,6.66268062592,-4.28489017487,-13.183807373,-13.4890460968,-0.88430249691,3.07804822922,-3.13585233688,-13.5135097504,-9.72048282623,-6.71295499802,5.18427371979,-2.209608078,-10.4877910614,-15.1395397186,-2.23365259171,4.54516983032,-3.93297719955,-10.8174934387,-11.3709764481,-8.06230545044,6.65139484406,-3.00673389435,F_1NvU8WG9bg0,True
-4.8345618248,-2.64199662209,-5.13517475128,13.8837032318,-13.4766187668,0.806323409081,-2.22134327888,-9.33928871155,13.780090332,-7.93110132217,-7.44193315506,-12.7773733139,-3.75625419617,2.14799141884,-17.6514549255,-1.80104708672,-12.3567180634,-7.96036958694,2.04437470436,-12.1059360504,0.903309881687,-5.33600664139,1.68989145756,10.4248456955,-11.944062233,6.54419374466,-4.91535282135,-2.51422357559,10.3212299347,-6.39854478836,F_1yfx9eG6Es0,True
-2.72680139542,-10.3174123764,0.977947294712,-4.07332468033,0.152985602617,8.23287391663,-11.4909830093,14.6861104965,-7.81985902786,2.52835965157,1.2566498518,-9.9246969223,2.36106848717,-3.6304974556,1.36356341839,12.2163238525,-11.0982675552,16.069229126,-7.37703180313,3.73893809319,-0.402693122625,-8.54216098785,1.91683804989,2.001257658,0.962347567081,10.5569801331,-9.71572685242,15.6250019073,-1.7452776432,3.33772206306,F_20XsaHpRQC8,True
3.89177823067,17.8424091339,6.0492682457,0.976400077343,-6.06348705292,5.52506065369,16.511554718,8.29615783691,-0.221171230078,-6.13218832016,4.21240854263,13.0584249496,3.26698899269,-1.66635417938,-1.58162808418,5.84569072723,11.7275705338,5.513879776,-2.86392569542,-1.65033042431,3.12762284279,15.2163476944,6.16294240952,-0.23803666234,-7.37431764603,4.76090526581,13.8854932785,8.40983390808,-1.43560755253,-7.44302034378,F_24fGcwlB8ro,True
10.9943532944,-7.3780632019,-0.851110517979,2.87864661217,2.25370502472,6.78897285461,-8.46755886078,1.41576969624,0.0992153957486,2.74458479881,10.1750917435,-7.12428283691,-1.06465995312,3.92962002754,3.35490369797,5.96971035004,-8.21378040314,1.20222008228,1.15018856525,3.84578323364,10.9111051559,-6.60776901245,0.105096437037,1.70427024364,4.3857049942,6.70572662354,-7.69726610184,2.37197685242,-1.07515990734,4.87658452988,F_2jGNGINIDTs,True
4.69343614578,-2.98113512993,-10.7779188156,-2.89908385277,1.06005454063,5.6880030632,-0.878080010414,-11.9181528091,1.90728831291,6.0649600029,8.31223678589,-1.46460425854,-5.41443395615,2.06183576584,4.47245788574,9.30680084229,0.638451457024,-6.554666996,6.86820793152,9.47736263275,4.07821464539,-1.25366353989,-9.18486499786,-4.15305614471,2.83124828339,5.07278156281,0.849391698837,-10.3250980377,0.653315544128,7.83615255356,F_2NOQEJKLqks,True
0.0472966209054,4.67592906952,-20.9838752747,-2.05356645584,-2.3771944046,-3.67479920387,10.7015714645,-3.78483247757,-2.70536565781,8.96114444733,-3.87277913094,-0.96713745594,-16.0667514801,1.7417178154,1.74900770187,-7.59487533569,5.05850362778,1.13229346275,1.08991861343,13.0873441696,-4.01673269272,2.84886407852,-14.2459115982,-3.52645373344,-2.5544719696,-7.73882865906,8.87450695038,2.95313262939,-4.17825269699,8.78386497498,F_34er8UPmLuQ,True
6.35763072968,0.576452612877,-4.56363153458,8.40993499756,-13.0786685944,1.10606324673,4.52289152145,-5.78522920609,5.5157084465,-5.58819627762,1.42577886581,-0.828761696815,-2.71687650681,15.3310718536,-8.76445102692,-3.82578969002,3.11767721176,-3.93847560883,12.4368476868,-1.27397501469,1.38055443764,4.24178886414,-6.08202505112,11.5301551819,-10.5840759277,-3.87101483345,8.18822860718,-7.30362462997,8.63592815399,-3.09359526634,F_3c66YWCXdbU,True
-13.8018922806,-5.1758441925,7.16144418716,-9.16597747803,-12.2689809799,-2.68395471573,0.285483449697,1.57537043095,-12.9903745651,-10.4884185791,-13.6941328049,-3.06294727325,4.86103391647,-9.99163818359,-10.1385583878,-2.57619333267,2.39838075638,-0.725039601326,-13.816037178,-8.35799407959,-15.9102325439,-1.52591538429,4.44277238846,-14.1824121475,-8.69989013672,-4.79229402542,3.93541288376,-1.14330112934,-18.0068092346,-6.9193277359,F_3DL_97x0dpQ,True
8.06411743164,-2.63138008118,5.5247797966,12.8990116119,-6.11345529556,4.71683835983,-5.81716060638,6.44590044022,11.7321872711,-10.2712154388,8.39603805542,0.723617374897,2.27388978004,12.088886261,-2.54268836975,5.04876089096,-2.46216249466,3.19500803947,10.9220619202,-6.70044755936,11.3395500183,2.04593157768,4.29528093338,13.3922767639,-4.66974210739,7.99227190018,-1.13984823227,5.21639966965,12.2254514694,-8.827501297,F_3ZCGz3PPA98,True
3.47081375122,-11.2904891968,-4.72135019302,5.52577257156,-0.535076677799,1.96187245846,-10.3753757477,2.52901506424,12.3137664795,-1.34398114681,-0.532615423203,-8.07371807098,-6.47925662994,-0.212107807398,-0.312935441732,-2.04155659676,-7.15860462189,0.771106362343,6.57588720322,-1.12183797359,2.73362922668,-9.59118461609,-8.11031627655,0.926404833794,-3.25992178917,1.22468745708,-8.67607116699,-0.859951615334,7.71439886093,-4.06882572174,F_5f8rmrF_mDI,True
-2.18853378296,1.74925303459,1.94672000408,4.59031057358,3.76847457886,0.187336087227,7.29682302475,-0.968470692635,9.17105960846,2.69016599655,-1.9583786726,1.64962553978,4.93204975128,7.11979198456,3.2182059288,0.417491316795,7.19719600677,2.01685762405,11.7005414963,2.13989758492,-1.44336473942,-2.66731595993,2.24128699303,2.7889046669,3.28831672668,0.932505130768,2.88025403023,-0.673904001713,7.36965227127,2.2100083828,F_69RNNex-sig,True
-9.95290756226,2.52066373825,-6.57266569138,-2.89428567886,2.7707695961,-9.14745330811,-7.90687799454,-7.43040132523,-1.70693290234,1.71555948257,-12.231508255,5.82091236115,-9.25268650055,-1.72370266914,2.30919742584,-11.4260549545,-4.60662794113,-10.1104249954,-0.536349713802,1.25398790836,-12.1297769547,2.39450645447,-8.93829727173,-4.26613521576,0.721700370312,-11.3243227005,-8.03303337097,-9.79603481293,-3.07878398895,-0.333508759737,F_6ClKTIhJizQ,True
-2.73626804352,-9.78117465973,-11.9514112473,6.12535095215,3.54464817047,-7.63369655609,-11.1344833374,-12.7198572159,10.051815033,3.49268746376,-2.67362976074,-11.6417341232,-10.2755737305,2.83040595055,4.01643466949,-7.57105827332,-12.9950418472,-11.0440196991,6.75686883926,3.96447396278,-4.3872051239,-9.00162601471,-11.5038547516,8.65524959564,2.78614783287,-9.28463459015,-10.3549356461,-12.2722997665,12.5817108154,2.73418545723,F_6d6oBTmEbRM,True
3.07243967056,-10.0758571625,-10.9025363922,-8.66641712189,8.90497016907,1.44395339489,-9.370885849,-8.9940328598,-9.20611667633,9.48427772522,3.68310976028,-9.89438343048,-12.26197052,-8.64531040192,8.25641536713,2.05462384224,-9.18941307068,-10.3534679413,-9.18501091003,8.83572006226,4.90461111069,-11.868057251,-8.8205909729,-7.18342018127,10.6706399918,3.27612662315,-11.1630840302,-6.91208791733,-7.72312116623,11.2499465942,F_6IOuy3ohGSc,True
-2.42702460289,-1.56275832653,-27.928276062,0.73871088028,0.0432386174798,-2.70641946793,-2.25859999657,-27.3202133179,1.53567183018,-1.10897839069,-2.02175307274,-4.1375374794,-28.3401546478,-0.958574652672,-2.2499499321,-2.30114889145,-4.83337926865,-27.7320976257,-0.161612182856,-3.402166605,-1.87328314781,-2.49091148376,-28.8829498291,-1.88720548153,0.6217212677,-2.15267896652,-3.18675303459,-28.2748908997,-1.09024465084,-0.530495584011,F_73txXT21aZU,True
14.105594635,-5.31018447876,12.289689064,14.8968429565,9.80245399475,10.5898790359,-1.37368857861,8.14218997955,14.7290430069,8.2158164978,12.0828838348,-4.52432441711,12.243475914,14.8163871765,11.0090065002,8.56716918945,-0.587829232216,8.09597396851,14.6485891342,9.42237091064,13.1855258942,-6.90292882919,12.6082239151,15.3607006073,7.91090917587,9.66981220245,-2.96643352509,8.46072483063,15.192902565,6.32427406311,F_7iVb3kXL_rU,True
0.60167068243,9.12535858154,-12.0215234756,4.34258794785,-2.96285057068,-0.370299696922,4.68795633316,-12.7581300735,-1.90465724468,-9.20563411713,2.29209327698,12.3680763245,-10.9190378189,5.46478414536,-5.04914808273,1.32012355328,7.93067502975,-11.6556425095,-0.782463252544,-11.291932106,4.33695936203,6.53190088272,-13.1684446335,5.50255155563,-2.30761504173,3.36498975754,2.0944981575,-13.9050474167,-0.744692981243,-8.55039978027,F_7LGWT2kJgj0,True
2.40367412567,-8.32158279419,-9.53075885773,4.01418495178,-0.175851225853,3.07718205452,-9.02999973297,-11.6492805481,-0.487302333117,0.887483775616,-2.91937065125,-2.02135205269,-7.80053091049,-2.69670534134,0.810519456863,-2.24586391449,-2.72976875305,-9.91905593872,-7.19819259644,1.87385571003,-1.61057400703,-7.33810853958,0.336783617735,11.5965566635,-3.49132847786,-0.93706703186,-8.04652500153,-1.78174126148,7.09506750107,-2.4279923439,F_8973s_nv62E,True
-4.38344573975,1.3882111311,11.5512542725,5.60704946518,-11.1894207001,-6.64672756195,5.42179632187,9.173869133,-0.313538730145,-5.30342483521,-8.40633201599,-1.12853848934,6.77232313156,0.902218461037,-12.4937000275,-10.6696128845,2.90504598618,4.39493370056,-5.01837062836,-6.60770368576,-0.386083513498,1.48687922955,16.9780273438,6.03166532516,-15.1526699066,-2.64936685562,5.52046442032,14.600646019,0.111076660454,-9.26666927338,F_89P-QakkJfw,True
-7.65562486649,8.3536901474,18.6881084442,3.08274126053,0.0248001590371,-7.97086381912,9.37082195282,14.2796869278,3.55109453201,3.84569549561,-9.05335140228,12.7539491653,15.1034507751,-2.50037813187,1.79620754719,-9.36859130859,13.7710905075,10.6950263977,-2.03202486038,5.61710357666,-7.39341115952,17.245508194,14.9161272049,8.83462810516,0.567990422249,-7.70865297318,18.2626438141,10.5077028275,9.30298042297,4.38888597488,F_8FFxdUPi6rY,True
2.39083909988,7.2718873024,-0.419503599405,-1.7920166254,-12.2933530807,3.01636219025,8.51950073242,3.63645648956,-3.13382840157,-13.0351629257,1.20205569267,6.43209505081,-0.367823988199,0.729654371738,-3.90988969803,1.82757937908,7.67970657349,3.68813610077,-0.612156152725,-4.65169811249,4.72443723679,5.88332509995,-2.84772610664,5.69674444199,-7.78971385956,5.34996318817,7.13093566895,1.20823442936,4.35493707657,-8.53152561188,F_8TOTUOFMjuo,True
13.4978914261,5.79780340195,-0.149250656366,9.32263851166,-2.19939398766,8.89587211609,5.84861183167,-6.55963611603,9.61359882355,1.41103303432,19.0680561066,3.30823945999,4.83239603043,8.6358089447,-5.82230377197,14.4660377502,3.35904788971,-1.57798814774,8.92676830292,-2.21187591553,8.12443256378,7.37987375259,12.4068346024,0.190398186445,-6.11113166809,3.52241110802,7.43068504333,5.99645090103,0.481356471777,-2.5007019043,F_94HqFht60Ek,True
-3.78120040894,-10.2280139923,-8.79557037354,0.876786828041,-3.90458965302,-6.70110225677,-7.56147146225,-5.42803287506,1.07176744938,-6.11181163788,-2.55514717102,-11.8644380569,-7.02308750153,0.681746602058,-3.90029811859,-5.47504901886,-9.19789505005,-3.65554666519,0.876726746559,-6.10752105713,-0.355370938778,-7.23050880432,-8.79006195068,2.45614957809,-5.94730949402,-3.27527308464,-4.56396389008,-5.42252254486,2.65113019943,-8.15452957153,F_9igrwl1U7s4,True
-5.99443531036,-2.61375617981,-6.89992141724,-0.577944159508,4.7710185051,-10.8590478897,-3.36458826065,-10.012752533,-5.3143157959,3.26126337051,-8.49678421021,-3.41507458687,-7.06723880768,3.28984880447,2.2748913765,-13.3613977432,-4.16590595245,-10.1800689697,-1.44651818275,0.765138149261,-7.08949947357,-3.72607588768,-13.2382440567,-2.88071012497,4.88483762741,-11.9541120529,-4.47690725327,-16.3510761261,-7.61708164215,3.37508153915,F_9oETTQVGP1w,True
-11.8470916748,-6.38404846191,0.985594451427,9.15522384644,12.3548870087,-6.90677499771,-15.5637273788,0.39603087306,7.15810537338,-2.78755807877,-16.5626869202,-0.392508387566,-3.90941953659,4.86684322357,11.5755414963,-11.6223697662,-9.57218647003,-4.49898338318,2.86972641945,-3.56690359116,-15.6401443481,-1.66649448872,0.00476328283548,11.8697042465,10.7602128983,-10.6998281479,-10.8461732864,-0.584800958633,9.87258625031,-4.38223218918,F__18hsqaDrHs,True
-5.99890470505,-5.91211652756,-3.29629778862,-6.51990842819,-1.53859746456,-6.66873979568,-5.84606647491,4.21605539322,-4.94379377365,-2.637996912,-2.30485987663,-6.84458494186,-3.94720029831,-4.93487358093,-1.06063449383,-2.97469425201,-6.77853488922,3.56515097618,-3.35875868797,-2.16003394127,-5.30779504776,-6.23473405838,-3.30625796318,-2.36854028702,-1.08320510387,-5.97762870789,-6.16868495941,4.20609235764,-0.792424798012,-2.18260502815,F__aAMwBO1Tco,True
-8.95569992065,8.47525215149,-7.47409248352,-9.42123222351,2.64302444458,-8.586602211,6.72108030319,-0.625024557114,-2.62960767746,4.73353290558,-8.99588012695,10.0478191376,-5.71411466599,-13.563914299,1.87193500996,-8.6267824173,8.29364585876,1.13495290279,-6.77229261398,3.96244359016,-7.87714338303,10.8315534592,-5.81040859222,-9.50053691864,-0.737936019897,-7.5080447197,9.07738399506,1.03865945339,-2.70891427994,1.35257279873,F__C-_1SIlpiA,True
-2.70217132568,-8.06795978546,-9.08010387421,-3.53723430634,2.41746306419,0.258789211512,-9.97934055328,-7.85104560852,-4.96606588364,2.78750324249,-1.83000719547,-9.70708274841,-9.84547710419,-4.98177957535,-1.43396604061,1.13095319271,-11.6184606552,-8.61641788483,-6.41061258316,-1.06392419338,-4.63665914536,-7.13531637192,-7.29849004745,-5.81247806549,1.781650424,-1.67569923401,-9.04669475555,-6.06943082809,-7.24131059647,2.15169143677,F__eu-eFABGDY,True
-1.23539090157,2.06989312172,-10.8403768539,24.2212314606,-6.31177759171,-2.40344977379,9.87269496918,-4.65899419785,25.7175216675,-12.4036340714,-4.82781648636,4.12845277786,-6.22960805893,25.7181377411,-4.98029947281,-5.99587678909,11.9312543869,-0.0482242330909,27.214427948,-11.0721578598,0.0396151319146,2.28547596931,-5.67344474792,22.9980812073,-9.62698078156,-1.12844359875,10.0882787704,0.507938623428,24.4943714142,-15.718837738,F__RiKnRbBhtQ,True
-12.845369339,-14.8939447403,7.15594530106,9.35854721069,12.6043357849,-11.2178726196,-17.545129776,7.10950899124,10.3781356812,12.4097032547,-14.3567810059,-15.1357450485,4.65245723724,8.08023834229,11.1564998627,-12.7292823792,-17.7869281769,4.60602092743,9.09982681274,10.9618673325,-11.7706737518,-11.2836141586,3.83985948563,8.73435592651,12.4674034119,-10.1431751251,-13.9347982407,3.79342365265,9.75394439697,12.2727689743,F__tSqpfHWYi4,True
-13.0159215927,-5.39866638184,5.12880277634,-12.5169000626,0.260548442602,-13.5336732864,-8.4623374939,4.83150577545,-17.1775684357,4.63596343994,-12.3162431717,-3.99780082703,4.8371052742,-13.1883888245,-0.483531862497,-12.8339910507,-7.06147050858,4.53980731964,-17.8490600586,3.8918838501,-10.9200868607,-5.63485240936,4.90037107468,-11.1239852905,2.80212378502,-11.437836647,-8.69852256775,4.60307216644,-15.7846574783,7.1775393486,F_AcF1AMace2s,True
4.90257453918,6.34135580063,-0.425646036863,17.0141677856,-20.8906993866,-4.30350637436,-2.09329795837,-4.90298652649,14.4584913254,-11.1899871826,6.98699140549,12.6252727509,-2.27240943909,15.1572284698,-23.3567371368,-2.21909093857,4.19061899185,-6.749751091,12.6015501022,-13.6560211182,4.24896717072,10.9526596069,1.59508216381,14.9300060272,-14.649435997,-4.95711565018,2.51800632477,-2.88225960732,12.3743276596,-4.94872808456,F_aDEecz10DnY,True
12.4100904465,-5.23680734634,4.59943771362,15.3116312027,3.3401119709,1.89754521847,0.86522936821,5.44963884354,25.1983394623,-0.139286905527,15.557923317,-10.3079605103,-0.266465485096,11.6642189026,-2.5106959343,5.04537916183,-4.20592355728,0.583735764027,21.5509281158,-5.99009656906,15.6643018723,-5.55156373978,-5.79975748062,9.56789875031,5.45725679398,5.15175580978,0.550472974777,-4.94955539703,19.4546051025,1.97785925865,F_aHrn3-Cb3iM,True
0.314924091101,-12.1860322952,-1.3301898241,1.70884168148,20.6152000427,-0.186095863581,-14.8785943985,-3.55887627602,-0.845965743065,20.5385093689,0.461461871862,-11.797293663,-0.0548973307014,0.947408914566,20.9639568329,-0.0395572409034,-14.4898557663,-2.2835829258,-1.60739934444,20.8872661591,1.09721648693,-12.8367328644,-5.99009180069,1.21351742744,17.7536392212,0.596198320389,-15.5292959213,-8.21877765656,-1.34129083157,17.67694664,F_AP5k17Dbx_M,True
9.97436141968,2.38009929657,-3.03447771072,13.4327735901,5.80919885635,5.00057649612,-0.334666281939,-2.62660479546,12.138220787,16.1713733673,9.36682128906,1.68805706501,-1.29748415947,9.95539855957,4.78010654449,4.39303636551,-1.0267084837,-0.889609098434,8.66084575653,15.1422834396,8.47936058044,-1.66331875324,-3.82518720627,1.79055285454,8.23921585083,3.50557661057,-4.37808465958,-3.41731309891,0.495998889208,18.601392746,F_aqvxyejK0MQ,True
-1.69525372982,9.2955160141,4.81061792374,5.61072206497,5.68142223358,-1.56562745571,11.7906265259,5.84866666794,1.41428685188,4.46546506882,0.123738147318,6.38169384003,6.74667978287,5.47426939011,2.20392227173,0.253365188837,8.87680435181,7.78472900391,1.27783477306,0.987964093685,1.6249474287,7.6038980484,6.60044813156,6.64634370804,3.6270339489,1.75457394123,10.0990047455,7.63849830627,2.44990825653,2.41107678413,F_b-MbEx1Iqj8,True
0.193120449781,4.06801748276,-12.4793815613,16.3873405457,-12.7700681686,9.54045963287,3.14918470383,-6.17307662964,16.2553806305,-9.84246253967,-2.47994327545,8.46022415161,-17.9093418121,8.22183418274,-14.2820215225,6.86739778519,7.54139041901,-11.6030426025,8.0898733139,-11.3544178009,-2.34314823151,10.2070274353,-17.2021884918,9.64294147491,-12.2343015671,7.00419473648,9.28819465637,-10.8958873749,9.51098251343,-9.30669784546,F_bg1pjsCTIRc,True
6.95117902756,-7.80893516541,-4.57509183884,-0.182857781649,7.35161352158,-0.734062075615,-9.07226371765,-4.29019594193,1.96967983246,6.00108337402,6.68726301193,-10.4642591476,-3.91828298569,-2.65074563026,6.08303880692,-0.99797809124,-11.7275886536,-3.63338661194,-0.498208016157,4.73250865936,8.07218074799,-8.56719970703,-2.24988627434,-2.4127266407,5.96043539047,0.386939138174,-9.83052825928,-1.9649900198,-0.260188311338,4.60990524292,F_BgPMunO3Myw,True
-2.12078499794,-8.4040517807,8.61465072632,-2.05281352997,-21.0307769775,-9.61142253876,-5.02342033386,4.883872509,-2.72112178802,-18.5437412262,-5.77361345291,-5.42053604126,10.377161026,-3.412753582,-15.6154499054,-13.2642507553,-2.039904356,6.64638137817,-4.08106136322,-13.1284103394,-0.189459174871,-12.6981039047,7.86581516266,-7.245865345,-15.7065410614,-7.68009757996,-9.31747436523,4.13503551483,-7.91417169571,-13.2195014954,F_bkkMc9tU-CI,True
-2.71843862534,3.59118270874,1.81245481968,-0.0504133328795,-11.0228424072,-12.0538253784,-0.114348195493,1.00139319897,1.13974642754,-15.9801635742,-2.93178892136,2.13835477829,5.68853712082,2.2009472847,-12.8953475952,-12.2671756744,-1.56717598438,4.8774766922,3.39110708237,-17.8526706696,-3.53348207474,6.6576757431,3.22389554977,-3.88061285019,-6.50007724762,-12.8688697815,2.95214653015,2.41283512115,-2.69045352936,-11.4573965073,F_bkktzuYtYNw,True
-3.92570447922,-1.58065152168,-7.1524553299,7.17729139328,-2.88960170746,-3.36031532288,-2.77955007553,-6.30950403214,4.96379327774,4.17329454422,-6.39483165741,-3.84490394592,-3.91994142532,4.16857385635,-0.615578591824,-5.82944154739,-5.04380178452,-3.07698869705,1.95507395267,6.44731712341,-6.07000112534,-0.469400435686,-5.28085184097,4.92734670639,1.19869530201,-5.50461053848,-1.66829788685,-4.4378991127,2.71384763718,8.26159095764,F_bNxY4yKBHeg,True
-7.45798110962,-6.35904788971,-7.87725257874,13.8035869598,3.54084444046,-12.4142274857,-6.42024803162,-8.07197284698,12.0703411102,-1.91220366955,-9.67539215088,-7.03194141388,-8.11534500122,11.3092842102,1.93268275261,-14.6316385269,-7.09314155579,-8.31006526947,9.57604026794,-3.52036452293,-9.58533096313,-7.16758060455,-7.62034416199,14.528175354,0.947946071625,-14.5415792465,-7.22878074646,-7.8150639534,12.7949295044,-4.50510120392,F_bYepd01KDFw,True
-10.0256528854,-3.2391872406,-2.78030443192,-9.57137966156,-0.83036261797,-9.14934158325,-2.26288509369,-6.78933906555,-7.851749897,-4.21031618118,-13.5732517242,-4.06226825714,-1.20848464966,-9.10643768311,-2.96000146866,-12.6969394684,-3.08596515656,-5.21751785278,-7.38680696487,-6.33995389938,-9.87602710724,-0.998074889183,-6.9560880661,-10.2039308548,-0.397928804159,-8.99971389771,-0.0217727050185,-10.9651203156,-8.48429775238,-3.7778813839,F_bzmzjfQRA-A,True
-1.67243993282,-3.82279157639,10.4313774109,-8.30359172821,-0.850468337536,-5.12348127365,2.45004343987,19.2457733154,-4.22835588455,-2.41987752914,-2.15950632095,-2.17783403397,3.84430122375,-9.11564159393,-2.16526031494,-5.61054754257,4.09500169754,12.658700943,-5.0404047966,-3.73466873169,-4.31941175461,-3.25407552719,9.23073768616,-7.91520452499,-2.91979789734,-7.77045297623,3.01876020432,18.045135498,-3.83996891975,-4.48920631409,F_cCMzlrpWHgo,True
7.64267158508,-12.2828712463,-5.42271375656,-1.5668309927,-3.67902731895,7.89979314804,-10.6984796524,-5.31814289093,-5.27696800232,-0.324612140656,7.43567657471,-11.9276580811,-7.13639783859,-1.97198426723,-2.45387625694,7.69279813766,-10.3432664871,-7.03182935715,-5.6821231842,0.900535106659,11.6900043488,-10.3483943939,-3.88023972511,1.28746032715,-4.64173841476,11.9471282959,-8.76400470734,-3.77567148209,-2.42267847061,-1.28732609749,F_CFcDjqyTTuQ,True
2.97086787224,2.51476073265,0.803128600121,2.58153676987,-6.601749897,2.74458432198,9.49960517883,6.18220663071,9.84593963623,-5.55772352219,-0.9017598629,1.4067684412,1.1382471323,0.519176602364,-5.78561115265,-1.12804150581,8.39161491394,6.51732492447,7.78357934952,-4.74158620834,-3.48087263107,3.41586852074,2.95574092865,-1.26885724068,-2.18037962914,-3.70715403557,10.4007129669,8.33481884003,5.99554491043,-1.13635480404,F_CoJLjtzmbxI,True
0.716917276382,2.12620735168,-2.46662139893,4.30482435226,5.85996341705,1.15722215176,-4.64102315903,2.53153419495,2.07490324974,5.28780508041,-1.98733556271,-9.02013015747,-6.37467336655,1.89342176914,2.91651844978,-1.54703164101,-15.7873563766,-1.37651836872,-0.336499780416,2.34436011314,9.54462814331,-2.90189433098,-5.68679380417,4.29464387894,6.6538233757,9.98493480682,-9.6691236496,-0.688639521599,2.06472277641,6.08166599274,F_D3ylhYOOuzk,True
-12.0659208298,8.62532138824,0.665051579475,3.54954075813,4.41776418686,-9.16844367981,-3.07818102837,-9.45613765717,5.06641721725,-8.00067710876,-9.67542457581,9.86304664612,-0.422399431467,3.22721242905,2.02118229866,-6.77794837952,-1.84045374393,-10.543589592,4.74408864975,-10.3972587585,-11.9404945374,11.2565422058,0.0444274917245,6.20739221573,-0.204522281885,-9.04301834106,-0.446959882975,-10.0767631531,7.72426843643,-12.6229629517,F_Denygx4SiXM,True
-4.43911266327,-19.8409519196,-4.74634122849,-8.42307281494,6.76185560226,-0.932231426239,-18.9048805237,-5.4418129921,-6.04847145081,8.67448234558,-5.04834365845,-19.8560009003,-5.12249326706,-8.08514976501,7.87651395798,-1.54146146774,-18.9199295044,-5.81796503067,-5.71054840088,9.78914165497,-1.95569622517,-19.5773220062,-5.57106685638,-7.26877069473,4.88614320755,1.5511841774,-18.641248703,-6.26653814316,-4.89416694641,6.79876947403,F_dhfcutcvsLU,True
-2.84066057205,5.64331054688,13.0507936478,15.2987384796,1.29578697681,-1.82213354111,-2.59215569496,12.1216821671,6.17488956451,6.62794876099,-4.60457706451,4.61631679535,14.4461221695,16.4888839722,4.34841680527,-3.5860490799,-3.61914920807,13.5170087814,7.36503648758,9.68058013916,-3.62468147278,6.38331127167,12.0050077438,13.353975296,1.01801979542,-2.60615444183,-1.85215508938,11.0758943558,4.23012590408,6.35018157959,F_dP15zlyra3c,True
2.52902269363,3.52271986008,2.7991745472,12.5879688263,-4.23985004425,2.84780931473,3.01323580742,-0.28013625741,9.95390796661,-3.74903202057,10.8724794388,-1.7257835865,1.98858952522,7.92191553116,0.480818718672,11.1912660599,-2.23526787758,-1.09072077274,5.28785514832,0.971640706062,4.43497180939,4.01464319229,6.19181394577,11.9457874298,-5.83708190918,4.75375747681,3.50515985489,3.11250209808,9.31172847748,-5.34626293182,F_DZ0i7aPWmZ8,True
-10.3918409348,0.0694277063012,-1.84763646126,11.6442975998,-1.99752032757,-2.31954026222,-1.79458606243,1.81907737255,9.46375274658,1.33562076092,-13.1014451981,2.22949743271,1.99689745903,10.9500188828,-8.89352893829,-5.02914571762,0.365483134985,5.66360998154,8.76947402954,-5.56038856506,-11.6874046326,3.51700592041,1.48325824738,9.30231285095,-8.39181423187,-3.61510491371,1.65299165249,5.14997196198,7.1217675209,-5.05867195129,F_e8xieEcL23w,True
8.09121417999,6.1950802803,1.85531437397,-9.709897995,-7.55949211121,9.94650936127,12.9356842041,-4.04164028168,-6.67959403992,-8.77910423279,-0.460697203875,10.0176086426,0.73361325264,-5.59949636459,-8.65116024017,1.39460003376,16.7582111359,-5.16334152222,-2.56919312477,-9.87077617645,4.12975263596,6.43575906754,-3.65739440918,-8.03906822205,-8.49694728851,5.9850487709,13.1763648987,-9.55434989929,-5.00876426697,-9.71656131744,F_ebcfFg2ihYw,True
5.2090215683,-12.5271911621,8.03722286224,1.69532442093,-3.63329768181,5.70782327652,-12.8752985001,7.72386026382,0.4670163095,-2.27734684944,3.92037296295,-12.3231124878,11.5556840897,3.88085579872,-4.97529459,4.41917467117,-12.6712179184,11.2423210144,2.65254878998,-3.61934447289,2.99747157097,-14.4145936966,8.07321643829,-0.384028345346,-3.30988192558,3.49627232552,-14.7627000809,7.75985383987,-1.61233723164,-1.95393240452,F_EbU7VPY4QIA,True
1.59592664242,0.300919562578,4.26063871384,-0.611867845058,-1.86865925789,6.41054201126,-1.48672294617,1.33466815948,-6.84510231018,-4.50657939911,1.22559058666,-0.6878079772,3.9248354435,0.620412051678,-3.08322572708,6.04020452499,-2.47545146942,0.998865008354,-5.61282348633,-5.72114753723,1.80049741268,0.183692961931,1.90513134003,-3.30075359344,-7.83958625793,6.61511087418,-1.60395002365,-1.0208388567,-9.53398799896,-10.4775047302,F_ef0cNdb3XjI,True
8.20866203308,3.88865041733,-4.45722484589,2.72000980377,2.39267230034,7.07559251785,1.02015125751,-0.643439590931,-4.66905212402,-1.60825252533,4.17753744125,0.407494276762,-3.12917280197,8.60156440735,3.78155970573,3.0444726944,-2.46100449562,0.684612452984,1.21250498295,-0.219363242388,1.85713756084,2.22250342369,-6.85888290405,-2.05774307251,-6.87663650513,0.724073052406,-0.645994901657,-3.04509878159,-9.44680595398,-10.8775625229,F_EidtuNDNbwY,True
-6.73732042313,-0.453564971685,-7.0577545166,12.0701179504,-2.63179254532,-9.76311588287,-2.69574546814,-12.055770874,8.21368122101,-3.12822961807,-0.574275016785,-1.56935727596,-10.4053573608,9.53175163269,-2.92929172516,-3.60007071495,-3.81153774261,-15.4033718109,5.6753115654,-3.4257273674,-0.0337801352143,-0.630255520344,-10.1357460022,9.77480888367,-3.90763235092,-3.05957388878,-2.8724360466,-15.1337623596,5.91836977005,-4.40406942368,F_EIh4VpXQ8HU,True
3.13959002495,0.850573539734,12.4108371735,-7.07844686508,11.099612236,1.25798296928,-4.87023639679,13.993106842,-1.42933785915,11.4884757996,-1.29364323616,1.3970720768,11.6304035187,-4.07270050049,8.29872894287,-3.17524838448,-4.32373714447,13.2126712799,1.57640707493,8.68759250641,0.783188939095,-2.81652927399,14.7931346893,-5.72355127335,9.3653011322,-1.09841704369,-8.53733921051,16.3754043579,-0.0744434818625,9.75416469574,F_eV23yzJIPWo,True
-5.29828739166,3.15270376205,2.54360985756,3.0361020565,-9.57104110718,-5.56771612167,-2.43782234192,2.53347635269,1.32865786552,-4.9888048172,-8.61018657684,3.51329755783,6.93396520615,5.53454971313,-3.3020131588,-8.87961483002,-2.07722949982,6.92383098602,3.8271009922,1.28022384644,-8.91557025909,-2.80546760559,8.76222324371,7.75540781021,-7.08103895187,-9.18499755859,-8.39599227905,8.7520904541,6.04796075821,-2.49880170822,F_F9fEEqjuzcI,True
0.924604654312,-3.43433141708,-10.6799430847,19.5539779663,-0.698956549168,-2.10980176926,-4.08541584015,-9.43805503845,15.1676235199,3.27915477753,-0.873329043388,0.751851201057,-9.26317596436,24.2574939728,-0.201315969229,-3.90773582458,0.100767053664,-8.02129173279,19.8711395264,3.77679467201,4.91254997253,6.59406805038,-5.60360479355,20.8792686462,3.63609814644,1.87814438343,5.94298267365,-4.36171770096,16.4929122925,7.6142077446,F_FaAjPRKXXv0,True
-3.16019821167,-7.06877040863,-16.3292617798,-2.48845791817,-12.6110286713,-5.60619115829,-8.85867786407,-10.5592041016,-3.56756591797,-15.1039657593,-3.90218067169,-8.53218078613,-16.5617427826,-0.950811982155,-15.9017982483,-6.34817504883,-10.3220872879,-10.7916851044,-2.029920578,-18.3947429657,-4.03776454926,-2.04984855652,-14.8247079849,-0.458129972219,-11.1056995392,-6.48375892639,-3.83975529671,-9.05465221405,-1.53723788261,-13.5986394882,F_fc8LngsvxUc,True
-5.89981508255,-6.85721969604,3.78414106369,-7.43056964874,10.0642757416,-6.79410409927,-3.24247837067,3.97858142853,-6.60377979279,9.2543296814,-5.70297574997,-7.4718837738,5.16507482529,-9.78908538818,11.3347511292,-6.59726572037,-3.85714626312,5.35951662064,-8.96229743958,10.5248069763,-5.92873811722,-10.940694809,2.70344734192,-3.12518429756,12.2304668427,-6.82302808762,-7.32595205307,2.89788842201,-2.29839301109,11.4205207825,F_FcicUWGj0c0,True
-4.04657649994,-7.01343870163,0.0328225269914,5.66762542725,-0.0511827692389,-6.28342676163,-5.29953050613,-0.866365492344,4.16633176804,1.70106422901,-9.41871166229,-7.4062333107,1.75248169899,5.68728065491,-0.902754664421,-11.6555604935,-5.6923251152,0.853293836117,4.18598747253,0.849492192268,-5.58103179932,-5.37465810776,2.4864089489,6.65626955032,-1.97835433483,-7.817882061,-3.66074967384,1.58722150326,5.15497636795,-0.226107567549,F_fFVT_CtL62M,True
-3.29156303406,-13.5546836853,6.46311330795,-1.23896634579,3.32166576385,1.50847268105,-12.6743135452,5.31654214859,-6.87749814987,3.52643680573,-6.94893598557,-11.1719837189,0.500781297684,1.9252320528,5.38782405853,-2.14889764786,-10.2916116714,-0.645791172981,-3.71329641342,5.59259653091,-9.41368961334,-8.02895355225,5.6485376358,3.15248918533,1.49000620842,-4.61365365982,-7.1485824585,4.5019659996,-2.48604106903,1.69477856159,F_FKanE2sgW5I,True
-9.40859603882,0.0707715526223,-0.179029256105,-2.65034389496,-19.079120636,-12.3082361221,5.12996578217,-5.09020853043,-5.36834287643,-20.3695259094,-7.19863939285,-1.79994499683,-1.02225184441,-1.39224278927,-18.0010070801,-10.0982780457,3.25924992561,-5.93342924118,-4.11024332047,-19.2914123535,-8.89847946167,0.270110934973,0.453789442778,-0.127054363489,-18.164440155,-11.7981176376,5.32930469513,-4.45738840103,-2.84505391121,-19.4548454285,F_fPZNvBcoOtE,True
8.55539131165,4.74849939346,-12.9318237305,7.65497732162,2.57344245911,3.91483211517,3.51917481422,-6.32236146927,2.53690862656,-0.726401627064,8.36600494385,7.10202026367,-16.9214553833,5.43377780914,2.58227491379,3.72544288635,5.87269449234,-10.3119907379,0.315710157156,-0.717570602894,10.3901977539,2.16990876198,-15.1590003967,7.28411626816,2.05140376091,5.74963760376,0.94058406353,-8.54953956604,2.16604661942,-1.24844288826,F_FriaMvobUi0,True
13.240942955,-6.94839429855,2.4878153801,-12.2461986542,-2.82687950134,12.537648201,-5.97028446198,-1.19750964642,-7.74958705902,-2.52496004105,11.7758436203,-5.67558908463,5.18852710724,-15.0149536133,-7.55201292038,11.0725488663,-4.69747829437,1.50320184231,-10.5183391571,-7.25009250641,10.2192621231,-4.52101755142,2.99834394455,-8.21140384674,-1.8036468029,9.51596641541,-3.54290652275,-0.686981976032,-3.71479320526,-1.50172758102,F_FUKM8yFYvMg,True
13.9040899277,-0.124699257314,-2.32573580742,-5.50372171402,-13.5541477203,8.32714939117,-0.0883962139487,-2.24808287621,-7.3958106041,-14.7277755737,13.8878717422,-0.368914753199,-1.77526247501,-5.19787836075,-13.1823177338,8.31093120575,-0.332611232996,-1.69761002064,-7.08996677399,-14.3559436798,14.0709791183,0.533055186272,-0.730663001537,-3.92497062683,-13.4793701172,8.49403858185,0.569358706474,-0.653010129929,-5.81706142426,-14.6529979706,F_G4VKPR67xYs,True
-16.6871604919,5.37544155121,5.03476953506,10.4750003815,-11.1598834991,-7.8933506012,1.04103159904,3.26057338715,0.0153323188424,-11.3976535797,-13.0489044189,8.43132019043,2.88665628433,14.2161827087,-6.35011148453,-4.2550983429,4.09690761566,1.11246073246,3.75651144981,-6.58788251877,-16.3603744507,8.54834270477,-0.125851780176,11.4327793121,-12.2086877823,-7.56656360626,4.21393203735,-1.90004789829,0.973111271858,-12.4464559555,F_gQXKFNJBgIc,True
-7.23796033859,-4.53848409653,-0.666402161121,-0.70688444376,1.20295989513,-7.13863277435,-1.66210877895,0.669981002808,1.87334299088,-5.04571914673,-8.13187217712,-4.52229642868,-0.985945820808,0.598258197308,2.99135756493,-8.03254508972,-1.64592111111,0.350437968969,3.17848515511,-3.25732183456,-7.77782773972,-5.29812574387,1.13416159153,0.700765073299,6.1227221489,-7.6784992218,-2.4217505455,2.47054624557,3.28099250793,-0.125955909491,F_gTlPFG6_Ly8,True
-1.22539007664,-15.8932886124,-11.3733797073,2.6293554306,-2.63688993454,-0.572268247604,-6.56492471695,-16.704788208,-11.6545362473,-0.750097990036,-2.11315798759,-15.7457399368,-12.0846719742,-3.63656783104,-4.96134185791,-1.46003675461,-6.41737413406,-17.4160804749,-17.9204597473,-3.0745511055,-5.96544122696,-17.1941738129,-8.9250535965,1.67575275898,-4.64814376831,-5.31231880188,-7.86580896378,-14.2564640045,-12.6081399918,-2.76135540009,F_GXXpJE_DSrg,True
-1.57857596874,-3.29751992226,4.39380073547,7.86813831329,1.30215966702,5.51457977295,-7.7186756134,1.62134361267,10.1644945145,3.14927864075,-2.27426528931,-4.07487392426,3.51973843575,3.9612724781,-3.33727931976,4.81889104843,-8.4960308075,0.747281432152,6.25762939453,-1.49016094208,-2.52855587006,1.61463558674,1.24097669125,2.81217718124,-0.374240189791,4.56460094452,-2.80652046204,-1.53148019314,5.10853385925,1.47287797928,F_He-BFGBOQvI,True
-9.63092136383,-3.65972304344,-21.5438690186,5.72714090347,-3.63441252708,-12.9692735672,-1.45393002033,-19.2595939636,5.1531791687,-1.24058496952,-9.14021778107,-5.75040102005,-20.5591869354,2.49017524719,-3.49373030663,-12.4785680771,-3.54460835457,-18.2749156952,1.91621351242,-1.09990274906,-6.97524404526,-3.29638266563,-21.069196701,4.01059484482,-5.3343205452,-10.3135957718,-1.09059035778,-18.7849235535,3.43663430214,-2.94049286842,F_HFkYJofKBis,True
-0.112726412714,-4.48467493057,4.67355108261,10.5129585266,2.60639572144,0.647416055202,-3.36122179031,7.86883115768,4.35524368286,-2.46050333977,1.99912834167,-3.18482518196,3.63097310066,10.0541706085,3.57168078423,2.75927019119,-2.0613720417,6.82625389099,3.89645504951,-1.49521815777,-1.72194755077,-1.4289740324,3.58530259132,8.99303817749,3.50471162796,-0.961805701256,-0.305520832539,6.78058338165,2.83532071114,-1.56218802929,F_HG17TsgV_qI,True
-7.49677085876,5.86702442169,-3.42236709595,0.76564180851,-9.9868850708,-13.0135574341,-0.822268724442,-7.53347539902,4.62701845169,-4.99862623215,0.0846862569451,7.42237186432,8.03010463715,-8.72290420532,-5.95360136032,-5.43210315704,0.733080267906,3.91899609566,-4.86152935028,-0.965340852737,-3.16776275635,7.23356056213,-1.76363170147,-1.43760299683,-14.7238464355,-8.68455028534,0.544268488884,-5.8747382164,2.42377376556,-9.73558712006,F_hvkHF1qIB-g,True
-3.57391142845,-3.24122428894,-4.06389856339,-5.42132282257,-0.80573785305,-3.47901105881,-4.47974348068,-2.33259868622,-6.81615638733,-0.166566878557,-5.85666418076,-3.71013259888,-3.92867136002,-1.9677952528,-0.0494398996234,-5.76176357269,-4.94865179062,-2.19737100601,-3.36262845993,0.589729309082,-5.91765737534,-5.47028446198,-4.21419858932,-4.07102966309,0.126977682114,-5.8227558136,-6.70880460739,-2.48289942741,-5.46586227417,0.766147136688,F_HWpgOjAvUps,True
-0.150563985109,10.2683267593,10.3480920792,-1.18675351143,-2.38912010193,1.30811846256,10.5456609726,6.48861551285,-4.23836946487,-6.23412656784,-0.616538882256,10.9958696365,10.9292325974,-1.01169908047,-1.91834533215,0.842142820358,11.2732028961,7.06976079941,-4.0633149147,-5.76335191727,-1.0133010149,10.1697015762,9.19459438324,0.462743252516,-1.82209503651,0.445381015539,10.4470338821,5.33511924744,-2.58887171745,-5.66710233688,F_hyGJBV1xnJI,True
0.234549731016,-2.87394118309,5.64282464981,6.42948055267,4.77099466324,0.376687139273,-4.39473581314,3.52530956268,9.43248748779,10.0805778503,-0.359664469957,-5.62694406509,3.96157884598,4.93571043015,7.55813837051,-0.217526584864,-7.1477394104,1.84406411648,7.93871450424,12.867723465,-3.93721151352,-2.03435826302,6.91965913773,5.85850048065,8.81612682343,-3.7950732708,-3.5551533699,4.80214500427,8.8615064621,14.1257104874,F_IBp5Aip2Vw0,True
-0.214316874743,1.88919365406,-6.84030818939,3.33394885063,-5.6060385704,3.91563487053,1.8179872036,-11.7024002075,0.228753894567,-8.13198661804,-0.235877782106,2.2870349884,-12.7227182388,5.89122247696,-9.95301151276,3.89407324791,2.21582889557,-17.584810257,2.78602790833,-12.4789619446,-0.96941280365,0.538519561291,-9.25964927673,3.96824717522,-4.69809961319,3.16053843498,0.467312663794,-14.1217441559,0.863052248955,-7.2240486145,F_iDjxOXkgHBc,True
-7.76976537704,5.48113632202,-6.0771689415,-4.93855381012,2.50247192383,-5.46511268616,1.91868627071,-10.5156173706,-8.09965801239,8.87154197693,-6.94294214249,4.31999397278,-8.73533439636,-3.65625858307,2.23063325882,-4.63829040527,0.757543444633,-13.1737861633,-6.81736135483,8.59970283508,-9.22846412659,4.62696075439,-7.48836374283,-2.43685030937,0.447034657001,-6.92381048203,1.06450927258,-11.9268131256,-5.59795331955,6.81610441208,F_IdViBalpikY,True
-1.58823382854,5.44768095016,-1.60840845108,0.547825157642,-14.2567672729,-4.53335046768,1.51905453205,3.8883690834,0.617800474167,-7.44865512848,1.89952981472,3.76812076569,-2.01283550262,-1.04182398319,-10.8250379562,-1.04558646679,-0.160504430532,3.48394203186,-0.971847891808,-4.01692342758,1.16263055801,4.41263341904,0.26107737422,-2.8686208725,-9.05285739899,-1.78248536587,0.4840079844,5.75785446167,-2.79864549637,-2.24474167824,F_IWDJBCL9q7I,True
-0.126908540726,-6.11214160919,3.27113771439,-5.80946493149,-8.68739318848,-1.23987829685,-1.9339376688,3.51481342316,-9.29985141754,-5.7504825592,3.71857714653,-0.989482283592,-5.97117853165,-8.69078159332,-7.12660598755,2.60560846329,3.1887216568,-5.72750282288,-12.1811685562,-4.18969392776,1.31160843372,-3.93702173233,-4.39504241943,0.995305657387,0.730904221535,0.198638916016,0.241182684898,-4.15136671066,-2.49508166313,3.66781616211,F_j2WtUcsfR5s,True
3.41851329803,3.92848062515,5.47958135605,6.62128162384,7.67086839676,4.86473417282,1.5605224371,8.81533622742,1.25883865356,6.24457263947,-0.732699811459,0.111727155745,6.84282684326,11.2991542816,6.66398191452,0.713520407677,-2.25623083115,10.1785812378,5.93671131134,5.23768663406,0.883322775364,0.736266434193,6.09302711487,10.5388021469,4.48195457458,2.32954359055,-1.63169229031,9.4287815094,5.1763586998,3.0556602478,F_jmgV3OFn0aE,True
11.7878818512,9.88791465759,0.34695354104,18.5999336243,5.88882255554,7.5508351326,11.8944978714,1.73949360847,17.1467666626,3.57934117317,11.9434146881,8.72349262238,-4.42546415329,19.0951213837,7.60415649414,7.70637083054,10.7300729752,-3.03292274475,17.6419525146,5.29467535019,10.1430797577,8.22598266602,-1.36271691322,15.3092947006,5.53182697296,5.90603208542,10.2325630188,0.0298236086965,13.8561239243,3.22234511375,F_JQRRnAhmB58,True
3.16857433319,4.64673280716,15.9651784897,-2.82157349586,5.65617513657,-1.93115985394,-3.24676728249,14.7826633453,-4.30051994324,0.247814387083,2.67113018036,7.29814767838,16.6383857727,1.19596850872,5.25129842758,-2.42860412598,-0.595352947712,15.4558706284,-0.282977640629,-0.157063037157,2.75587749481,6.37625360489,16.7845306396,0.87829720974,2.24893689156,-2.34385824203,-1.51724660397,15.6020174026,-0.600649416447,-3.15942502022,F_k7viIK45xGQ,True
3.64117622375,-23.3334140778,-1.5671813488,7.21370172501,5.06575393677,2.37362837791,-24.0376605988,1.48529934883,7.49524688721,6.95516777039,2.97485923767,-23.2406387329,-0.902435541153,7.64085626602,8.9112033844,1.70731174946,-23.9448852539,2.15004587173,7.92240047455,10.800617218,3.38519477844,-21.1028499603,-2.20702171326,7.26610612869,7.95417165756,2.11764740944,-21.8070983887,0.845460236073,7.54765129089,9.84358596802,F_Kcn-y-1bebo,True
-12.4962501526,2.37340712547,-5.18653535843,-0.659848749638,-5.93935775757,-13.8887529373,1.54466331005,-2.2185781002,-1.62275898457,-7.05373764038,-11.9595584869,2.16603541374,-3.60552835464,1.77680647373,-3.24331760406,-13.352063179,1.33729064465,-0.637570798397,0.813895583153,-4.35769844055,-9.56855964661,0.400149673223,-7.62639379501,-2.23688650131,-4.5086107254,-10.9610643387,-0.428595155478,-4.65843582153,-3.19979810715,-5.62298774719,F_KDvoMCZ_qUI,True
-3.98320388794,-11.1188611984,0.858260035515,18.9245071411,15.6880559921,7.19959688187,7.26563978195,-7.88762903214,21.5048332214,10.3392601013,-1.40343177319,-14.745218277,3.0033261776,14.576130867,15.5707445145,9.77937221527,3.63928151131,-5.74256277084,17.1564540863,10.2219486237,-5.499168396,-12.3913908005,-4.98172998428,28.5470104218,17.0037021637,5.68363142014,5.99311065674,-13.7276172638,31.1273384094,11.6549072266,F_kJGQy-j3Nx4,True
-7.70701980591,-1.99785196781,-7.82815361023,-8.46337223053,-10.4426898956,-0.684084653854,-6.8647313118,3.5236852169,-7.31794643402,8.71077060699,-7.97677659988,-2.1763613224,-7.80627822876,-8.25825119019,-10.2865018845,-0.953840017319,-7.04324007034,3.54555869102,-7.11282444,8.86695671082,-4.5791478157,5.89197731018,-1.4256285429,-5.83661603928,-7.93177080154,2.44378876686,1.02509856224,9.92621040344,-4.69118881226,11.2216863632,F_kqGYv5rLGJI,True
4.40263319016,-3.56633758545,16.62408638,3.83201336861,7.00213003159,11.1893377304,-3.19595479965,16.62799263,3.38479113579,8.42673492432,4.01079416275,-2.25349330902,17.4489307404,8.94329833984,6.65341711044,10.7974977493,-1.88311064243,17.4528369904,8.49607467651,8.07802200317,4.90367746353,-2.07576179504,15.406247139,6.13567352295,4.8419713974,11.6903829575,-1.70538008213,15.4101524353,5.68845033646,6.2665772438,F_Ks1kArpMj-o,True
2.996052742,-1.46876180172,10.7461919785,-6.98284244537,0.171934604645,2.75077199936,-1.8796697855,3.62231087685,-7.42247772217,3.33335900307,5.79041719437,0.95549172163,10.1492967606,-4.66027545929,7.83215427399,5.54513788223,0.544583797455,3.0254175663,-5.09991359711,10.9935789108,9.78249073029,1.3481310606,17.4114379883,-6.90628147125,0.532987117767,9.5372133255,0.937222838402,10.2875566483,-7.34591770172,3.69441175461,F_kWetGqX9uFc,True
12.3794527054,4.49237060547,-6.44091844559,18.2317409515,-12.9789657593,15.9508085251,1.31630218029,-7.37608861923,20.6692008972,-10.2266788483,10.0886411667,5.9382443428,-6.71955156326,14.4287967682,-11.7018623352,13.6600036621,2.76217722893,-7.65472173691,16.8662528992,-8.94957733154,10.6906385422,3.63668441772,-4.65601015091,19.6172981262,-9.60784339905,14.2619972229,0.460616916418,-5.59118032455,22.0547523499,-6.85555887222,F_kxCEpfTSfJU,True
-2.66652560234,-0.648769259453,-7.31244802475,8.26231765747,6.52183866501,-4.63410568237,1.58582770824,-8.05966186523,7.98445701599,12.9107837677,-1.86792707443,8.5233001709,-4.11839485168,7.76417303085,10.2943553925,-3.83550643921,10.7578954697,-4.86560678482,7.48631477356,16.6833000183,-3.32379794121,0.530432343483,-8.79530715942,5.98344135284,6.06325960159,-5.29137706757,2.76502752304,-9.54252052307,5.70558214188,12.4522037506,F_l87MRRjpkxM,True
-14.6114912033,2.62475395203,8.17011928558,-11.6468925476,-14.0011167526,-5.3378663063,2.00167965889,7.98409318924,-12.7973108292,-8.83691310883,-17.1145420074,0.185985833406,6.10325574875,-11.9132614136,-14.6537122726,-7.84091901779,-0.437088042498,5.91723012924,-13.0636796951,-9.48950481415,-13.2624282837,3.31452417374,9.35573101044,-9.00661563873,-13.4023895264,-3.98879957199,2.69145178795,9.16970729828,-10.1570339203,-8.23817920685,F_lanCzRFNoy8,True
-2.28946256638,1.29337322712,1.20011794567,0.932907402515,6.01500463486,-2.44144964218,-5.14291286469,3.72414588928,1.77507829666,3.78862214088,-2.72145843506,2.45053720474,-3.78009200096,3.06765151024,11.0467844009,-2.8734459877,-3.98574829102,-1.25606453419,3.90982198715,8.82040309906,1.44005322456,4.00440692902,-0.0920408889651,-0.258477777243,8.68601799011,1.28806471825,-2.43187904358,2.43198728561,0.583693087101,6.45963478088,F_LICDb8nM5rs,True
10.951253891,-2.43207502365,5.72720050812,2.25932860374,-6.20586061478,8.75131034851,1.83993172646,4.37285375595,-3.12380170822,-12.2858610153,2.18652248383,3.35743904114,5.60461330414,2.87214636803,-2.34890651703,-0.0134200081229,7.62944555283,4.25026607513,-2.51098394394,-8.42890834808,12.5394611359,-1.23817050457,-1.07533407211,4.86500406265,-5.79520463943,10.3395175934,3.03383636475,-2.42967939377,-0.518125891685,-11.8752088547,F_LO3gooVb400,True
-0.00188305228949,-1.88141512871,1.59302532673,-9.33596038818,-9.59647750854,-4.90601491928,-4.78567743301,-2.05107784271,-5.37224197388,-7.00403499603,3.62469434738,-2.27093911171,0.112856574357,-4.34244728088,-13.4787101746,-1.2794367075,-5.1751999855,-3.53124666214,-0.378726989031,-10.8862686157,2.7506070137,-0.68930208683,3.96478843689,-8.8028678894,-11.7320022583,-2.15352487564,-3.593562603,0.320685178041,-4.83915042877,-9.13956069946,F_LwNuuJ85mC4,True
8.21462726593,0.461418837309,1.1369985342,-7.21321439743,-1.96048486233,8.04386615753,1.54973435402,-0.0190353617072,-6.76743268967,-1.23430144787,8.08305072784,2.02882051468,0.772780716419,-5.86787700653,-1.33615267277,7.91229057312,3.11713624001,-0.383254557848,-5.4220957756,-0.609967112541,8.46863269806,1.01248669624,1.86234652996,-7.53102493286,-2.05805635452,8.29787349701,2.10080242157,0.706311643124,-7.08524370193,-1.33187198639,F_m4la6X_IkGs,True
3.13711357117,6.88357257843,-8.86389064789,3.16977453232,4.4818572998,6.79532575607,2.46668958664,-5.47938346863,-2.52071523666,1.83991920948,-4.71874427795,4.41840839386,-1.32796418667,7.07991838455,1.85227668285,-1.06052994728,0.00152517110109,2.0565431118,1.38943064213,-0.789665102959,5.2498793602,8.63147354126,-5.50263547897,10.4563026428,6.60752487183,8.9080953598,4.21459007263,-2.11812925339,4.76581430435,3.96558427811,F_MTXhdrkEtoE,True
-18.3184337616,1.36411213875,-10.1294937134,4.77299451828,2.86068439484,-12.6786079407,-2.17431592941,-8.2257232666,0.575838029385,-0.79997330904,-18.1478061676,3.00440502167,-12.7065391541,10.8960790634,1.97998178005,-12.5079803467,-0.534024715424,-10.8027677536,6.69892120361,-1.68067538738,-13.0233106613,4.32711553574,-10.3866539001,5.37565231323,3.30898356438,-7.38348388672,0.788689136505,-8.48288154602,1.17849647999,-0.351672977209,F_n1cCs-S5EKc,True
9.06077194214,-8.02705287933,-3.81292772293,-7.55279636383,-1.22562718391,8.40589809418,-6.1369099617,-6.64331102371,-12.4077711105,4.08671808243,9.33847045898,-7.63260030746,-7.60235071182,-6.27889156342,-4.36166572571,8.68359470367,-5.74245595932,-10.4327344894,-11.1338682175,0.950681447983,12.4276981354,-7.48706769943,-5.08837032318,-14.3311223984,-7.66840553284,11.7728242874,-5.59692430496,-7.91875314713,-19.1860942841,-2.35606169701,F_n4MsOeSmwbs,True
-11.4961948395,11.4514245987,-0.961564779282,7.74608659744,-7.29384422302,-13.595375061,8.31897830963,1.84658801556,8.29224872589,-1.96858298779,-8.42209434509,9.76045799255,0.0295316949487,6.28719186783,-5.06357431412,-10.5212726593,6.628013134,2.83768320084,6.83335447311,0.261688321829,-13.7677173615,11.8619537354,-1.26606678963,8.31192970276,-5.61073732376,-15.8668956757,8.72950839996,1.54208528996,8.85809230804,-0.285472780466,F_NrcGzxLuaVE,True
26.0761013031,0.172737300396,-1.93706572056,2.09990239143,21.0472660065,19.0546875,-6.52846670151,-2.88300943375,-8.56869220734,11.2458753586,24.2840900421,-0.212502300739,-5.6522397995,3.11597156525,19.395236969,17.2626781464,-6.91370630264,-6.59818458557,-7.55262136459,9.59384536743,26.0531673431,-0.719254970551,-6.91493654251,0.599652051926,20.528842926,19.0317554474,-7.42046070099,-7.86088180542,-10.0689401627,10.7274513245,F_nUiTNySs1Lk,True
-11.2048063278,-10.0355234146,0.458964496851,2.91361474991,-1.73016488552,-4.90311193466,-7.9276509285,0.636075735092,0.71267926693,1.97157371044,-4.09624099731,-10.4962568283,3.44591212273,3.9707274437,-5.31012964249,2.20545315742,-8.38838386536,3.6230237484,1.76979291439,-1.60839009285,-6.36829996109,-3.5042181015,4.63160800934,8.34910964966,-5.90183782578,-0.0666062310338,-1.39634406567,4.80871963501,6.14817476273,-2.20009851456,F_O2VWbZIrMuw,True
0.767303943634,-8.56904220581,-12.8507518768,9.95749855042,-9.95713806152,5.4687962532,-8.67500114441,-16.2723960876,9.01309776306,-13.3188638687,-1.50420057774,-7.66370677948,-13.0697555542,9.86856651306,-10.0324516296,3.19729304314,-7.76966524124,-16.4914016724,8.92416667938,-13.3941774368,2.53320932388,-12.3687229156,-13.8672847748,10.4806089401,-14.4990692139,7.23470163345,-12.4746799469,-17.2889328003,9.53620910645,-17.8607959747,F_oB2W0HIgpHg,True
0.96709728241,-9.03497314453,8.4651517868,18.0105800629,-3.9864821434,6.28094768524,-10.0804405212,1.63792908192,9.46591854095,-12.0444564819,0.08332965523,-4.58005523682,10.7087717056,17.0787601471,-4.68515539169,5.39717960358,-5.62551927567,3.88154983521,8.53409767151,-12.7431316376,4.75551128387,-5.37261295319,10.4312353134,14.1611938477,-5.45955133438,10.0693626404,-6.41807794571,3.60401344299,5.61653089523,-13.5175285339,F_OBO19vCHtic,True
-3.39569878578,-3.53455758095,-11.603849411,8.70722007751,-10.5246257782,-2.1036272049,-0.68651008606,-17.6525363922,8.52920436859,-13.9458665848,-1.56718051434,-1.77764368057,-14.5990133286,7.91441774368,-5.11589336395,-0.275108844042,1.07040262222,-20.6476955414,7.73640155792,-8.53713512421,-4.13522529602,-3.60818696022,-14.1849861145,8.005443573,-8.32277584076,-2.8431520462,-0.760139465332,-20.2336730957,7.8274269104,-11.7440156937,F_pdy9isqFDxE,True
-6.10273170471,3.42535328865,-7.87406826019,-4.62645292282,-3.89750885963,-7.03427934647,0.781411170959,-6.31817483902,-2.524528265,-4.96849727631,-4.60439777374,2.12207365036,-10.4763689041,-3.8988404274,-2.54540514946,-5.5359454155,-0.521869421005,-8.92047691345,-1.7969161272,-3.61639404297,-4.07642030716,1.22921717167,-9.01084423065,-4.47387552261,-2.88489603996,-5.00796747208,-1.41472506523,-7.45495176315,-2.37195038795,-3.95588254929,F_PEvrrIl3sic,True
-11.5200748444,3.05773329735,-0.28459379077,9.30968284607,-7.39218330383,-5.24502134323,4.39140415192,2.5221657753,0.942268908024,-2.36043477058,-9.78599834442,2.62828421593,-6.085896492,11.8230142593,-18.3667526245,-3.51094460487,3.96195530891,-3.27913618088,3.45560073853,-13.3350009918,-14.6734237671,5.80709552765,-11.3800678253,14.5596609116,-14.8021316528,-8.39836978912,7.14076709747,-8.5733089447,6.19224977493,-9.77038383484,F_PosKL3to6l8,True
4.70586967468,-0.516959786415,12.9219045639,1.54510653019,4.87969064713,11.6014766693,-3.38692212105,2.76992988586,15.8415679932,-4.89401817322,1.38443934917,1.18181073666,7.508456707,-3.65095925331,9.16587924957,8.28004455566,-1.68815207481,-2.64351844788,10.6454982758,-0.607828974724,5.43670892715,-3.87225723267,11.7434978485,-2.71796035767,9.95787143707,12.3323173523,-6.74221944809,1.59152138233,11.5784950256,0.184165090322,F_pZcB4oJ5jsc,True
2.46986484528,5.76919269562,-11.9193849564,5.14312648773,3.80259561539,4.07918071747,8.8491153717,-16.2503566742,4.05191421509,3.45802640915,1.76378178596,5.55831241608,-14.4047288895,1.55612576008,2.76956987381,3.37309908867,8.63823509216,-18.7357006073,0.464910298586,2.42500066757,6.63723039627,5.95568656921,-13.7750482559,2.79182672501,4.77183008194,8.24654579163,9.03561019897,-18.1060199738,1.70061290264,4.42726182938,F_PZrW49YMeDs,True
0.755997300148,-1.21097683907,-7.51881361008,7.64566278458,-1.79725944996,-5.54078674316,-0.119310937822,-5.58404684067,3.56755828857,-7.56376504898,4.24382972717,-3.87128019333,-10.5365562439,7.07497215271,-4.26853895187,-2.05295419693,-2.77961540222,-8.60179042816,2.99686908722,-10.0350456238,2.81349420547,-0.122200988233,-5.27765130997,2.76423048973,1.85525798798,-3.48329091072,0.969464659691,-3.34288454056,-1.31387507915,-3.91124773026,F_pZVsb0b8A9E,True
7.04839324951,-1.26781010628,7.17910051346,-0.543885469437,4.97389173508,-4.97526264191,2.45012927055,-4.23256063461,12.656952858,5.39130973816,8.88055038452,4.3197016716,1.82166159153,5.40163326263,0.0883213356137,-3.14310264587,8.03764152527,-9.59000110626,18.6024742126,0.505739212036,13.5152244568,-0.961951971054,0.503004014492,-0.418465405703,8.360663414,1.49156808853,2.7559876442,-10.9086580276,12.782374382,8.77808189392,F_QMXIZ9GJxzY,True
2.41415047646,-7.32999706268,-12.5981340408,9.50378990173,4.18205881119,1.23081970215,-8.49126052856,-5.83793926239,9.35626029968,10.9152765274,-2.5388917923,-5.76649045944,-15.6975183487,3.31757068634,4.11028432846,-3.72222423553,-6.927754879,-8.93732452393,3.17004108429,10.8435029984,6.6413435936,-9.01643943787,-9.45431613922,2.95193576813,4.77980327606,5.4580116272,-10.1777038574,-2.69412326813,2.80440425873,11.5130205154,F_qVH7ZUbowMU,True
-3.70946383476,-0.121278308332,-8.1999168396,-2.08279585838,13.0871124268,0.186626821756,-1.3172262907,-1.68150985241,9.07456684113,4.6975479126,-2.65546917915,-3.47678875923,-7.47031259537,-5.11827325821,11.8784732819,1.24062168598,-4.67273855209,-0.951908111572,6.03908872604,3.48890972137,2.01463699341,4.69965696335,-3.46423387527,0.902872920036,6.43263435364,5.9107260704,3.50370764732,3.05417227745,12.0602340698,-1.95693004131,F_raCFAL5CZEU,True
-6.49161815643,-2.29713082314,-11.0481243134,0.138410508633,-14.1130599976,-10.8190116882,3.29478216171,-4.64716959,0.550810098648,-14.7479581833,-6.15564155579,-3.19386792183,-10.9705982208,3.79730796814,-13.9424171448,-10.4830360413,2.39804458618,-4.56964349747,4.20970773697,-14.5773153305,-10.1708211899,-2.84792256355,-9.71587467194,5.45180511475,-17.2295036316,-14.4982175827,2.7439904213,-3.31491661072,5.8642077446,-17.864408493,F_rcp4eckcBoU,True
-7.88554191589,-2.76573777199,1.59479045868,5.70366859436,2.44895744324,-9.95971393585,-3.72170853615,5.6738910675,4.91578483582,2.38590550423,-6.06910800934,-2.7892343998,4.2145113945,3.1526696682,3.97227573395,-8.14328098297,-3.74520421028,8.29361248016,2.36478757858,3.90922260284,-3.73510622978,-0.459469765425,1.44343554974,3.9354159832,6.51327228546,-5.80927991867,-1.41544044018,5.52253627777,3.14753293991,6.45021915436,F_rpzY8gP_jkQ,True
6.09407663345,5.10643863678,10.0573368073,10.6045856476,-15.918838501,6.1369137764,4.68799877167,10.3297996521,9.24043083191,-15.1715946198,5.6968960762,5.26253223419,8.47405433655,11.4788379669,-14.5596227646,5.7397313118,4.84409427643,8.7465171814,10.1146812439,-13.8123779297,5.75046110153,3.14862632751,9.47535133362,12.9141216278,-17.7770690918,5.79329824448,2.73018789291,9.74781322479,11.5499668121,-17.0298252106,F_Rv0sbR0lbDg,True
0.866979837418,7.63122940063,10.7527999878,-4.57657623291,-2.8836479187,5.31516695023,12.4613428116,9.97446346283,-0.810614824295,-6.83504247665,1.46403944492,6.40967035294,7.83354711533,-3.247174263,-8.27551269531,5.9122262001,11.2397851944,7.05521059036,0.518787622452,-12.2269086838,4.76719522476,10.3627157211,7.91173124313,3.22907733917,-8.80495262146,9.21538352966,15.1928300858,7.13339471817,6.99503850937,-12.7563467026,F_S4CqTV9eEkI,True
1.48546767235,-6.7334227562,2.98857855797,8.76239204407,8.91940689087,-1.14557754993,-4.03471708298,-0.571179628372,-3.40273737907,11.241353035,-1.40233385563,-8.985912323,4.6231212616,9.95253658295,2.65929222107,-4.03337860107,-6.28720712662,1.06336271763,-2.21259284019,4.98124170303,-3.41231679916,-7.17840528488,4.08302974701,12.6658334732,0.189660161734,-6.04336214066,-4.47969961166,0.523271799088,0.500705480576,2.51160931587,F_SIF3PyPdQkM,True
5.37222290039,0.452929109335,20.9886131287,9.21786975861,-5.9031124115,3.6129181385,5.47737407684,22.0287952423,3.64844202995,-10.4164333344,7.7338719368,0.609865784645,17.7526016235,8.57989025116,-2.8297123909,5.97456550598,5.63431072235,18.7927837372,3.01046347618,-7.34303331375,2.28692626953,-3.86616277695,22.525554657,10.7806386948,-2.09620547295,0.527621626854,1.15828299522,23.5657367706,5.21121454239,-6.60952568054,F_sRCQjNWXEKM,True
-4.90022945404,-2.59988546371,-4.33248472214,-2.59744310379,12.7419939041,2.14314889908,3.23412489891,-2.490650177,-2.74485588074,6.55572128296,-8.81487178802,-6.04472064972,-3.43891716003,-2.37892627716,10.9601964951,-1.77149534225,-0.210711926222,-1.59708273411,-2.52633857727,4.7739238739,-8.68004989624,-3.5378780365,-5.79825305939,-2.58812236786,9.84321308136,-1.6366724968,2.29613113403,-3.95641708374,-2.73553514481,3.65694022179,F_SXIzyO_5MFI,True
-6.95727729797,-7.85910129547,7.22761297226,0.359750062227,-0.0817615017295,-1.60052275658,-7.0970621109,8.31584262848,0.0900417342782,-5.64538526535,-10.8376169205,-7.71333694458,3.64174413681,0.560486614704,1.40478026867,-5.48086357117,-6.95129680634,4.72997522354,0.290778249502,-4.15884256363,-9.12801742554,-6.61001157761,3.71695566177,-0.91793346405,4.75854253769,-3.77126264572,-5.84797382355,4.80518579483,-1.18764221668,-0.805082559586,F_SyO3YwrsJPg,True
1.46764743328,0.253732770681,-3.22642660141,2.02291417122,7.35197734833,0.436367601156,-0.600026965141,-2.09636831284,-1.96027600765,3.20128321648,-2.34479904175,-1.3409473896,-7.4470949173,-5.1362490654,9.49546432495,-3.37607812881,-2.19470691681,-6.3170375824,-9.11943817139,5.34476852417,12.8530340195,2.18246269226,-1.90197694302,-2.12105941772,6.46180438995,11.8217563629,1.32870304585,-0.771919310093,-6.10425186157,2.31110978127,F_tfMMAwlD7gs,True
9.31723594666,-3.62161707878,2.4996342659,2.52564311028,8.03812980652,9.8930606842,-3.21052980423,-0.236535489559,4.82595920563,8.19819545746,6.10592699051,-2.47225284576,-0.353415638208,-2.12473797798,9.30371856689,6.68175077438,-2.06116509438,-3.0895857811,0.175578176975,9.46378517151,7.64396333694,-3.30347704887,2.13174104691,1.94632470608,9.16176700592,8.21978759766,-2.89239025116,-0.604429125786,4.24664020538,9.32183265686,F_TGoayx3Hvo4,True
2.88010334969,-0.616438925266,-0.0481515154243,-4.837433815,-9.66824531555,-1.92206346989,-4.85229110718,-1.35741758347,-9.51616859436,-3.3883523941,6.49170207977,-0.44423827529,1.72587347031,-4.1824092865,-7.96304941177,1.68953645229,-4.68008995056,0.416606873274,-8.86114406586,-1.68315434456,1.90603137016,0.949193000793,2.17434072495,-2.44908714294,-8.02649784088,-2.89613604546,-3.2866590023,0.865074157715,-7.12782239914,-1.7466032505,F_UbEgAw0uZkQ,True
-18.9501438141,15.359954834,1.39823007584,-0.968415856361,-9.41652202606,-18.7402172089,12.5713558197,1.45669949055,-1.83820533752,-6.85985803604,-19.1334018707,14.7161092758,0.709679603577,-1.54223573208,-8.86895942688,-18.9234752655,11.9275093079,0.768149256706,-2.41202545166,-6.31229543686,-20.1792144775,15.5934944153,1.99398803711,-2.65020036697,-12.049498558,-19.969285965,12.804895401,2.05245733261,-3.51999139786,-9.49283504486,F_uJzAPp8C2zA,True
-5.29935407639,3.59122467041,-0.225068032742,-0.0142173543572,-14.6782140732,-4.81925153732,7.2036614418,-2.21056890488,0.903391957283,-8.83246612549,-2.1000289917,1.93317139149,-0.0987346991897,3.92603445053,-10.9060678482,-1.61992681026,5.54560661316,-2.08423662186,4.84364366531,-5.06031942368,-2.05016422272,1.58552992344,-3.37390089035,0.5773640275,-15.5647029877,-1.57006204128,5.19796562195,-5.35940122604,1.49497544765,-9.71895217896,F_uLgfDvgp-D4,True
-6.30640554428,6.39662694931,0.907248258591,1.65303170681,-5.85282087326,-5.24392700195,4.68032598495,4.49785804749,0.765955507755,5.39705705643,-3.23854422569,5.70543479919,2.51481342316,6.03223371506,-4.90328741074,-2.17606544495,3.98913455009,6.10542392731,5.1451587677,6.34659051895,-8.41436004639,3.81041669846,0.146437615156,-1.49776852131,-9.84282398224,-7.35188341141,2.09411668777,3.73704695702,-2.38484311104,1.40705311298,F_uvTMZmUdSsc,True
-2.21618270874,-4.36142683029,-4.35972070694,1.81419909,6.37294387817,-6.309009552,-9.95687007904,-0.646302878857,-5.99412965775,2.45219731331,-4.03262138367,-4.80287313461,-4.8732008934,2.71085238457,4.22606563568,-8.12544822693,-10.3983163834,-1.15978038311,-5.09747648239,0.305319786072,-0.262755900621,-5.10194540024,-2.86370944977,2.61878061295,4.43943929672,-4.35558271408,-10.6973876953,0.849710404873,-5.18954706192,0.518691062927,F_uxkuLHrMLMM,True
6.52266645432,6.23802423477,8.8540019989,16.953830719,-5.14938688278,3.92235732079,10.7832355499,7.5992898941,5.29537057877,-7.48177289963,5.96801757812,5.46686792374,7.91608047485,16.498090744,-5.98592710495,3.36770749092,10.0120792389,6.66136646271,4.83962726593,-8.31831264496,5.09648323059,7.36747407913,6.46840667725,18.0739955902,-3.01580667496,2.49617266655,11.912686348,5.2136926651,6.41553258896,-5.34819364548,F_w8ACpSsJssw,True
-5.33389091492,1.36020207405,-4.12349557877,3.7565908432,-0.960621356964,-4.09674501419,-0.584111392498,-3.1429643631,1.26918590069,-2.73020768166,-5.41146183014,-0.225059777498,-1.63590705395,1.95440721512,-6.07416534424,-4.17431592941,-2.16937208176,-0.655373096466,-0.53299665451,-7.84375333786,-7.51929664612,0.791566610336,-0.0497473701835,-1.63029205799,-0.350857287645,-6.28215122223,-1.15274584293,0.930784583092,-4.11769676208,-2.12044548988,F_W8X7EFqVqNc,True
-7.54468917847,-0.985058903694,5.67016935349,11.9285926819,-8.46776103973,-2.92202329636,-3.72324156761,2.23451542854,11.5987253189,-19.2269439697,-6.09099340439,0.0105951800942,7.13164186478,8.42001152039,-11.5527429581,-1.46832740307,-2.72758841515,3.695987463,8.09014511108,-22.3119258881,0.454962462187,1.23648011684,-1.50777006149,7.72532606125,-7.35606336594,5.07762765884,-1.5017029047,-4.94342327118,7.39545965195,-18.1152439117,F_WeI44K6kCRU,True
-7.59971046448,-6.16558122635,0.794108092785,-5.83061647415,-9.23971176147,-9.05318927765,-6.28062725067,1.53438401222,-6.76856660843,-8.3682012558,-8.76474952698,-4.13815546036,-0.011684127152,-5.52211236954,-11.3117837906,-10.2182283401,-4.25320243835,0.728591918945,-6.46006250381,-10.4402742386,-7.75912857056,-6.405854702,0.470033079386,-5.94752931595,-9.11409759521,-9.21260738373,-6.52090072632,1.21030902863,-6.8854804039,-8.24258899689,F_wNeoWLEtQjI,True
-4.08465623856,2.44090080261,3.89881324768,1.19545137882,-5.56656503677,-5.5569858551,6.19576883316,-1.56910026073,1.28909623623,-4.71143293381,-3.13245630264,0.813883066177,3.72577190399,3.87430047989,-7.12611436844,-4.60478496552,4.56875085831,-1.74214112759,3.96794652939,-6.27098321915,-2.83676338196,2.41346645355,2.9523768425,1.99857866764,-4.66257047653,-4.30909252167,6.16833353043,-2.51553678513,2.09222388268,-3.80743932724,F_wQS3ADyLsUk,True
2.66809773445,-12.5226230621,20.3846817017,14.0952806473,-9.59491539001,3.88804793358,2.32887840271,11.837182045,19.7500419617,-10.590180397,1.67958533764,-14.2425413132,12.1655731201,11.5150566101,-9.05547904968,2.89953684807,0.60896062851,3.61806845665,17.1698188782,-10.0507459641,3.82877993584,-6.57744932175,17.8446331024,9.86490058899,-11.7598838806,5.04873132706,8.27405166626,9.29713249207,15.5196666718,-12.755150795,F_wrOjBRqPHjU,True
-10.5875902176,-7.70539665222,-6.13133573532,-11.746553421,2.40157675743,-11.1017723083,-8.30090808868,-2.95739197731,-9.49146652222,-1.96559727192,-5.43769979477,-7.10914230347,-3.95999336243,-10.667386055,-1.91421949863,-5.95188045502,-7.70465278625,-0.786049842834,-8.41229820251,-6.28139543533,-10.7983236313,-9.16933822632,-4.1124215126,-9.32250213623,1.04018115997,-11.3125038147,-9.76484966278,-0.938477993011,-7.06741285324,-3.32699322701,F_wUhoKHzau8g,True
-6.62979459763,7.51727247238,-10.8086977005,4.50311040878,-3.62284684181,-10.3561067581,-0.142931848764,-9.51923942566,-1.92679512501,-3.66086769104,-4.13858699799,6.26456975937,-9.52210712433,1.23618507385,-2.55199790001,-7.86490011215,-1.39563465118,-8.23264980316,-5.19372224808,-2.59001970291,-9.95246887207,4.02087593079,-11.0459403992,0.921641290188,1.93857705593,-13.6787824631,-3.63932800293,-9.75647926331,-5.50826501846,1.9005548954,F_WzdTXenuzCE,True
-6.10040521622,-10.6617202759,3.72493696213,6.09976530075,7.13184595108,-4.20131540298,-14.0492830276,3.27895569801,3.53481268883,13.0350885391,-3.15106463432,-9.27811813354,6.70619392395,7.0315823555,2.21159076691,-1.25197541714,-12.665678978,6.26021194458,4.46662950516,8.11483287811,-12.7817134857,-12.2795810699,7.84335231781,2.44608020782,3.85573267937,-10.8826246262,-15.6671419144,7.39736938477,-0.118873126805,9.75897502899,F_X1gbSQuwjGU,True
0.423968523741,-0.716173231602,12.006521225,2.32746601105,5.41776132584,1.94436347485,-5.76351165771,11.0919713974,3.78666257858,2.77628231049,4.48320007324,-0.171183913946,8.33476829529,-1.00507450104,3.37293434143,6.00359392166,-5.21852254868,7.42021846771,0.454124122858,0.731455087662,4.32973146439,-0.329249948263,9.29065704346,2.22709465027,5.69018936157,5.85012578964,-5.37658882141,8.37610626221,3.68629169464,3.04870986938,F_x2H7zcqjplc,True
-0.148846209049,11.6234416962,-4.9528670311,-6.30955410004,2.61481070518,1.94586443901,13.3284931183,-1.73816764355,-8.01079177856,2.09235548973,0.294589459896,12.0611152649,-5.27246046066,-6.35324954987,2.66563868523,2.38929986954,13.7661647797,-2.05776119232,-8.05448722839,2.14318323135,-1.13805735111,10.0417842865,-4.39395093918,-2.05371952057,2.06527972221,0.956653177738,11.7468338013,-1.1792525053,-3.75495767593,1.54282367229,F_x90_QK5U6WY,True
-2.2924861908,-3.58623409271,10.0237588882,1.74189066887,-3.89496350288,12.0497112274,-0.782395243645,7.1243519783,6.31501245499,-3.18235874176,-8.23435878754,-6.2000951767,14.887597084,4.15367364883,-3.20090031624,6.10783624649,-3.39625859261,11.988193512,8.72679615021,-2.48829936981,-1.9625171423,-2.93801379204,13.2116689682,1.67321276665,-0.873136639595,12.3796787262,-0.134176254272,10.3122644424,6.24633455276,-0.160536795855,F_XCzAvgTFOp4,True
3.17070555687,4.34211587906,2.74837565422,4.32864046097,3.4233686924,5.39959192276,-4.12208652496,4.52239704132,3.65844488144,0.86039853096,4.54285335541,6.37199449539,1.77014887333,1.80815339088,3.08461165428,6.77173852921,-2.09220862389,3.54417085648,1.13795804977,0.52164131403,1.37271404266,4.38110113144,4.92758321762,7.54180765152,4.74194478989,3.60159993172,-4.08310222626,6.70160627365,6.87161302567,2.17897510529,F_XDpOtZ-sdQE,True
-7.03533172607,3.76269721985,3.0649933815,8.81398105621,-11.591468811,-16.9647731781,9.17224502563,5.38194227219,9.25032234192,-17.9754619598,-4.59857749939,9.42827320099,-2.1578412056,5.1119890213,-15.6131563187,-14.5280189514,14.8378229141,0.15910539031,5.54833221436,-21.9971485138,-5.99128723145,-0.530680119991,3.00783586502,7.4928355217,-3.8517062664,-15.9207286835,4.87886762619,5.32478570938,7.92917919159,-10.2356977463,F_XdWjpoXOhXk,True
-8.46953105927,0.226663202047,3.5283229351,-1.842633605,-3.82380390167,-1.30353939533,-11.0105838776,-1.75252187252,-1.34562730789,6.0901350975,-9.23796367645,0.751551270485,2.66394257545,-0.833765089512,-3.69117450714,-2.07197165489,-10.4856939316,-2.61690044403,-0.336758166552,6.22276353836,-9.32647323608,0.453147500753,0.364776611328,0.840622425079,-4.8297252655,-2.16048121452,-10.7840986252,-4.91606712341,1.33762919903,5.08421373367,F_y-MkdkUB8pY,True
-7.82902288437,-3.34015989304,9.10912227631,4.60982990265,-8.03244400024,-4.07580423355,0.955959558487,3.6263794899,4.74895906448,-3.13232922554,-7.50829839706,-6.40834760666,9.11508655548,6.32816648483,-3.7759950161,-3.75507974625,-2.11223077774,3.63234472275,6.46729564667,1.1241145134,-14.0177211761,-3.07617902756,8.83350658417,6.20787382126,-8.60097312927,-10.2644987106,1.21993947029,3.35076475143,6.34700202942,-3.70085930824,F_y6YNedovdjI,True
2.0699532032,-6.86708259583,0.0667961537838,14.0156621933,-7.74817943573,-2.27458620071,-6.93323898315,-0.858305454254,14.2489395142,-9.8525390625,0.999686479568,-7.44609165192,4.10026407242,10.5085306168,-6.46669101715,-3.34485340118,-7.51224899292,3.17516303062,10.7418079376,-8.57105064392,-0.532148838043,-9.45548820496,2.3384077549,9.87702274323,-10.0207071304,-4.87668895721,-9.52164459229,1.41330718994,10.1102981567,-12.1250705719,F_y7-0L0kFnqA,True
-6.29188013077,-8.41934680939,4.9871096611,3.44665431976,-5.33412599564,-3.01926422119,-2.66821551323,2.46923828125,10.0721817017,-9.4091501236,-8.3926782608,-8.17444896698,4.08465766907,0.011027045548,-9.24541282654,-5.12006235123,-2.42331719398,1.56678557396,6.63655376434,-13.3204393387,-8.39551448822,-6.5250043869,3.12313747406,2.31328344345,-9.50435161591,-5.12289810181,-0.773872256279,0.605265915394,8.93881225586,-13.5793790817,F_YIH5S32TLWk,True
3.73510360718,15.483748436,-14.5294752121,1.32811486721,-3.17755794525,9.54421043396,15.1398515701,-13.9998025894,-1.7920614481,-0.603538990021,7.63411664963,19.7019519806,-10.1273918152,2.10111498833,-0.797290802002,13.4432220459,19.3580551147,-9.59771633148,-1.0190602541,1.77672839165,7.06601715088,15.2311954498,-10.405412674,7.76443910599,-5.39457654953,12.875125885,14.8872976303,-9.87573814392,4.64426374435,-2.82055568695,F_zdwQBU4QzTw,True
