-0.560274839401,7.26745653152,-3.80985665321,-6.95168352127,-13.5003614426,0.119336545467,6.57676649094,0.275870770216,-14.5347414017,-11.5782079697,0.196460962296,5.92679166794,-7.84337234497,-11.7141637802,-12.8751211166,0.876071810722,5.23610162735,-3.75764417648,-19.2972221375,-10.9529676437,-2.79056668282,9.21762943268,-10.0613880157,-4.83978939056,-9.73641586304,-2.11095476151,8.52693939209,-5.97566270828,-12.4228477478,-7.8142619133,B101TL9bUWr6I,False
-8.58312320709,0.995789408684,-4.13826084137,-11.4476356506,-4.99834871292,-13.5426216125,-1.03753054142,1.83860051632,-2.9821999073,-6.37357854843,-15.982749939,0.636173605919,-3.11037349701,-18.8379268646,-3.91553378105,-20.9422492981,-1.39714872837,2.86648774147,-10.3724908829,-5.29076337814,-7.05583381653,-1.69368565083,-0.939187943935,-11.4009418488,-6.9440369606,-12.0153331757,-3.72700834274,5.03767299652,-2.93550515175,-8.31926441193,B1ADMcXAQCzo0,False
-5.54102230072,3.32276153564,-8.8294172287,-12.4535493851,12.2756824493,-6.44155311584,3.61855602264,-6.04059553146,-9.78008747101,5.70360612869,-0.993908405304,4.53680753708,-5.96816062927,-17.8344154358,12.9173774719,-1.89444041252,4.83260154724,-3.1793384552,-15.1609535217,6.34530115128,-7.32363605499,4.92572450638,-9.67117118835,-13.6393327713,10.5073261261,-8.22416877747,5.22151708603,-6.88234567642,-10.9658718109,3.93524980545,B1hVUP9r0PMVs,False
-4.21353673935,-7.39654111862,-8.96130657196,4.49180459976,4.25137090683,-13.9361896515,-0.0431621074677,-16.9413604736,-4.83783721924,-7.4716553688,-3.45117950439,-8.15861034393,-12.9680490494,1.93217122555,-4.08493280411,-13.1738300323,-0.805229902267,-20.948097229,-7.39747333527,-15.8079566956,-4.2151722908,-3.91388320923,-15.5608472824,1.8104852438,2.35302948952,-13.9378223419,3.43949747086,-23.5408992767,-7.51915740967,-9.36999797821,B1mOABN2abDq0,False
-3.10121679306,5.62499094009,1.68435359001,-11.0592107773,-5.04799985886,-9.62121391296,12.1559638977,-1.93427026272,-10.8385000229,-7.62868213654,-2.4020383358,-7.02764797211,-2.73231267929,-15.6257152557,-6.50438737869,-8.92203521729,-0.496673464775,-6.35093450546,-15.4050035477,-9.08507156372,2.36136198044,3.82723331451,2.98496842384,-13.4078121185,-4.82324123383,-4.15863513947,10.3582077026,-0.63365727663,-13.1871042252,-7.40392398834,B1RsaXI-SKchA,False
-9.88064289093,9.86865901947,-10.7365570068,5.91163778305,-1.60427975655,-13.0038385391,-0.37929713726,-3.8523607254,1.51766490936,-1.6394367218,-11.319975853,9.75045585632,-11.5510129929,7.28641366959,-0.504393100739,-14.4431695938,-0.497500300407,-4.6668138504,2.89243984222,-0.539550065994,-11.895617485,8.4393157959,-9.87543678284,4.77240943909,-1.11698746681,-15.0188150406,-1.80863893032,-2.99123764038,0.378436088562,-1.15214443207,B1T22VWizYLOA,False
-11.7026824951,-0.331907987595,-12.5674419403,-2.24536633492,-0.336976528168,-9.3689661026,2.41094970703,-3.58607530594,-7.13055515289,-4.18129634857,-11.4162654877,0.805432677269,-13.3717689514,-2.50343585014,0.646150588989,-9.08254909515,3.54829025269,-4.39040279388,-7.38862514496,-3.19816851616,-13.2849025726,3.06926298141,-11.3674259186,-0.971319675446,3.11931276321,-10.9511871338,5.81211948395,-2.38606023788,-5.85650730133,-0.725006818771,B1tREHGodIEZk,False
-23.6833267212,3.70115041733,-1.33902060986,-8.2154340744,-12.1385793686,-22.0585861206,2.53626871109,-8.16911506653,-12.3247365952,-13.5466089249,-14.4708900452,2.5228729248,-3.5701918602,-9.95585155487,-5.89768886566,-12.8461513519,1.35798919201,-10.4002847672,-14.0651540756,-7.3057179451,-18.8377838135,0.0308406352997,2.19753599167,-8.59895706177,-8.92863559723,-17.2130470276,-1.13404285908,-4.63256025314,-12.7082595825,-10.3366651535,B1U5XS34QmUuI,False
-5.51223993301,-7.10424184799,-15.0336475372,1.58081388474,-6.34988355637,-7.78411722183,-5.87216329575,-2.97617578506,-8.22706794739,-16.5584220886,-6.74711751938,-4.9667840004,-16.0619392395,-1.38734483719,-1.17725121975,-9.01899909973,-3.73470783234,-4.00446939468,-11.1952285767,-11.3857889175,-6.26737546921,-0.697598099709,-14.88971138,0.34219789505,-4.82878923416,-8.53925514221,0.534479320049,-2.83223867416,-9.46568393707,-15.0373277664,B1uglCr8ueyv8,False
3.63626742363,2.10944461823,-1.43043100834,-4.36009979248,-6.00851392746,-0.402880191803,5.96313333511,-0.28671386838,-6.29327535629,-9.29420375824,-0.390448868275,-2.11249113083,-0.132416635752,-3.34891605377,-8.02643203735,-4.42959594727,1.74119853973,1.0113004446,-5.28209066391,-11.3121232986,2.71902251244,1.66658437252,-2.65375781059,-5.96241474152,-8.97596263885,-1.32012462616,5.52027320862,-1.51004052162,-7.89559030533,-12.2616510391,B1vveolbpbm3E,False
-5.18442726135,0.401880860329,-4.93980121613,-3.87135124207,5.12102174759,-5.48475837708,-11.5023136139,12.7469129562,-6.55093097687,-0.968861579895,-1.55422949791,-8.08908939362,0.743020653725,-6.60961818695,5.18519544601,-1.85456109047,-19.9932804108,18.4297389984,-9.28919696808,-0.90468788147,-4.67754268646,-1.91170608997,-13.2815122604,-17.9514312744,16.1077270508,-4.97787570953,-13.8158988953,4.40520191193,-20.6310176849,10.0178422928,B1X6jprOZ29wY,False
2.58034753799,13.1582460403,-2.82314801216,-0.239956393838,-6.34959220886,5.42446613312,10.6256246567,-3.85699629784,-2.66028356552,-18.1604957581,1.5328540802,18.4216442108,-8.22263813019,-1.33655238152,-2.39716601372,4.376973629,15.8890218735,-9.25648784637,-3.75687909126,-14.208067894,-3.31063342094,15.2011194229,-0.800246357918,-3.08082437515,-4.26682567596,-0.466511845589,12.6684980392,-1.8340960741,-5.50115060806,-16.0777301788,B1Y2KN-ZgfZAM,False
-7.67238998413,-1.70819306374,-10.9942522049,-16.8507995605,-26.2323093414,-3.15323114395,-1.54909527302,-6.14619922638,-4.64558267593,-12.5828905106,-10.6130504608,-1.87866306305,-7.7106795311,-14.8353700638,-22.3078765869,-6.09389066696,-1.71956551075,-2.86262559891,-2.63015055656,-8.65845966339,-5.42452335358,-4.6850605011,-11.9203863144,-15.6727666855,-29.288433075,-0.905363798141,-4.52596235275,-7.07233095169,-3.46754670143,-15.6390171051,B1ZGm6cPzRcsE,False
0.61591553688,-10.1787128448,-5.02345466614,4.74175977707,11.1127243042,-0.458207368851,-4.38448047638,-7.56918287277,-5.5402264595,-2.73793315887,7.3864531517,0.0498155355453,-11.1958303452,-1.08233726025,15.5760555267,6.31233215332,5.84404754639,-13.7415552139,-11.364320755,1.72539877892,1.23163342476,-3.422935009,-5.49124670029,5.82365655899,12.4003696442,0.157510280609,2.37129545212,-8.03697299957,-4.45832681656,-1.45028758049,B201TL9bUWr6I,False
-0.618708670139,-0.413842320442,-9.38604354858,-0.400411605835,1.30628216267,-4.93275356293,2.60199165344,-8.90074634552,-9.06964302063,-6.63195180893,-3.26716375351,0.487802863121,-11.573425293,6.34139347076,-4.55628347397,-7.58120679855,3.50363588333,-11.0881261826,-2.32783651352,-12.49451828,0.680613458157,-5.87851047516,-15.3563270569,10.6804742813,-3.09613037109,-3.63343071938,-2.86267614365,-14.8710298538,2.01124501228,-11.034362793,B2ADMcXAQCzo0,False
-11.2015800476,-4.7377038002,-6.31479167938,-13.3809194565,-7.64953136444,-3.54215431213,-8.44887065887,-8.34554576874,-11.9820756912,-1.24490845203,-7.24598073959,-5.78767633438,-0.431315094233,-16.6206417084,-6.66810464859,0.413447856903,-9.49884414673,-2.46206712723,-15.2218027115,-0.263483166695,-8.00074768066,-4.24228811264,-4.71897315979,-8.12406730652,-11.609585762,-0.341316699982,-7.95345449448,-6.74972581863,-6.72522354126,-5.20496463776,B2uglCr8ueyv8,False
-2.60524559021,8.78369140625,3.57839369774,-0.737106502056,2.45288157463,-4.64804410934,2.35422754288,-1.62999808788,1.42966413498,-3.69563794136,-5.90956783295,6.79312229156,3.00333428383,-1.10255169868,-4.16937112808,-7.95236682892,0.363660216331,-2.20505619049,1.06421852112,-10.3178901672,-4.89573097229,14.0737438202,4.26306724548,-3.5711979866,-0.494024455547,-6.93852901459,7.64428186417,-0.945324838161,-1.40442788601,-6.6425447464,B2Y2KN-ZgfZAM,False
-4.58473682404,3.52467918396,-0.566213071346,-18.121099472,-4.51848077774,-8.36592197418,6.63970327377,-4.4223818779,-10.8218841553,-6.99817085266,1.36419856548,1.80803620815,-9.92356967926,-25.3914470673,-7.97459363937,-2.41698646545,4.92306089401,-13.7797374725,-18.0922279358,-10.4542837143,1.48888850212,-0.455491662025,-6.95956754684,-20.7672176361,-1.03040850163,-2.29229593277,2.65953445435,-10.815738678,-13.468000412,-3.51009869576,B301TL9bUWr6I,False
-4.65857458115,-4.07017469406,-14.7742614746,-16.4020729065,-10.2556610107,-7.78524684906,-4.68150901794,-17.0349254608,-8.54812908173,-4.73335790634,-4.84217119217,-5.49075555801,-11.4167776108,-14.848446846,-9.49412345886,-7.96884346008,-6.10209035873,-13.6774396896,-6.99450111389,-3.97182011604,-1.94214248657,-0.623043179512,-9.82455921173,-20.6963214874,-10.8103532791,-5.06881427765,-1.23437738419,-12.0852212906,-12.8423757553,-5.28805017471,B3ADMcXAQCzo0,False
1.62134635448,10.6337680817,-6.42907047272,-5.49308824539,2.81143689156,8.56664276123,7.74048757553,-7.88789606094,-10.6424798965,10.1787471771,4.0396900177,5.91893625259,-11.0102834702,0.892358720303,-4.36164712906,10.9849872589,3.02565288544,-12.4691085815,-4.25703001022,3.00566196442,-0.18995141983,8.34498596191,-9.15350627899,10.2935562134,-2.11975741386,6.75534582138,5.45170402527,-10.6123313904,5.14417028427,5.24755048752,B3U5XS34QmUuI,False
1.2997020483,-10.2156486511,-1.40992844105,-17.4903259277,-11.9263305664,-1.75370049477,-5.53321170807,-3.79400968552,-18.5063285828,-10.7609958649,1.04372251034,-5.73754692078,-4.25476551056,-13.1057786942,-5.10425424576,-2.00968003273,-1.05511045456,-6.63884782791,-14.1217813492,-3.93891882896,-4.07586097717,-6.97141027451,-4.62653255463,-13.1983366013,-8.23414134979,-7.12926483154,-2.28897380829,-7.01061487198,-14.2143411636,-7.06880617142,B3X6jprOZ29wY,False
-8.17349147797,6.199903965,-8.97564983368,-0.363869071007,-6.44028902054,-10.1865463257,3.37705278397,-13.2439174652,0.783282399178,-6.00017023087,-5.23624753952,6.12760400772,-9.0015630722,0.0290273576975,-5.59106111526,-7.24930286407,3.30475282669,-13.269826889,1.17617809772,-5.15094137192,-4.28848600388,5.11483430862,-9.64749717712,0.801838517189,-6.50323915482,-6.30154132843,2.29198455811,-13.915763855,1.94899058342,-6.06311941147,B401TL9bUWr6I,False
-4.0603313446,-7.03648138046,-2.03515577316,-24.6065616608,-11.67096138,-6.15435218811,-2.75295257568,-5.85361909866,-27.9280147552,-12.4505233765,-3.62931013107,0.601100087166,1.36577355862,-21.2441520691,-8.12032222748,-5.72333145142,4.88462781906,-2.45268964767,-24.5656051636,-8.89988422394,-6.43731451035,-5.32001113892,-4.51401472092,-20.3421478271,-11.7686748505,-8.53133869171,-1.03648293018,-8.33247661591,-23.6636009216,-12.5482368469,B4X6jprOZ29wY,False
0.44623363018,4.14635038376,-16.356710434,-13.0719041824,-8.82498073578,7.22986841202,3.28932142258,-13.08644104,-12.7856216431,-12.8462181091,-2.10098361969,4.25854539871,-19.0809001923,-11.4343738556,-11.982047081,4.68265342712,3.4015173912,-15.8106307983,-11.1480922699,-16.0032863617,-0.0599842071533,1.34866642952,-15.3601350784,-10.8668346405,-3.92270207405,6.72365236282,0.491637587547,-12.0898647308,-10.5805530548,-7.94393873215,B501TL9bUWr6I,False
0.191285610199,-4.98050355911,-13.495470047,-12.5093240738,-16.2422676086,2.33460211754,-6.52152967453,-5.41914272308,-13.1641159058,-18.0074481964,-3.37700295448,-2.87114858627,-13.6268100739,-14.2316198349,-17.5392818451,-1.23368680477,-4.41217374802,-5.55048084259,-14.8864116669,-19.3044624329,-0.34318447113,-0.813493609428,-15.3174352646,-15.2442464828,-13.7824401855,1.80013203621,-2.35451936722,-7.24110746384,-15.8990364075,-15.547621727,B5X6jprOZ29wY,False
6.27451562881,10.3023433685,-0.714259803295,-4.04498434067,-7.05508565903,5.06343412399,9.99528980255,-5.91820716858,-6.04915523529,-4.71767902374,6.20741891861,11.4262180328,-2.02323436737,-3.92071580887,-5.93913316727,4.99633550644,11.1191663742,-7.22717952728,-5.924888134,-3.60172533989,7.00612401962,11.1462841034,-0.899537980556,-3.17098093033,-8.69589424133,5.79504060745,10.8392324448,-6.10348320007,-5.1751537323,-6.35848808289,F_0-ByBCf1biM,True
-3.2767598629,11.8461389542,-3.80623197556,0.153792366385,-10.9351930618,-8.70660400391,8.4056930542,-6.87154102325,1.3197748661,-2.05150437355,-4.86630249023,7.11343812943,-7.9391784668,2.47072887421,-9.43099308014,-10.2961473465,3.6729927063,-11.0044898987,3.63671064377,-0.547303438187,-2.49921703339,11.1955442429,-4.7962808609,-2.78648090363,-9.95818805695,-7.92906188965,7.75509738922,-7.86159038544,-1.62049770355,-1.07450067997,F_05gGCvIopwE,True
-7.39804267883,0.993428349495,-16.7918052673,2.16526889801,-8.0413274765,-7.76693820953,0.376858353615,-17.8043174744,-3.70684194565,-4.78138637543,1.83836340904,4.4681725502,-14.6484165192,-6.15213632584,-2.77746462822,1.4694685936,3.85160064697,-15.6609296799,-12.0242471695,0.482476264238,-1.57964086533,8.10980892181,-16.1631984711,-1.93705534935,-6.39967298508,-1.94853448868,7.49323797226,-17.1757068634,-7.80916595459,-3.13973236084,F_08c8C6AJSVY,True
7.72496128082,-2.38296222687,-8.79142665863,-12.3907632828,-5.85897731781,8.76232051849,-0.280243456364,-14.385807991,-1.14712822437,-1.68477916718,5.64931344986,-4.74574136734,-5.80621862411,-7.78282022476,-6.5010061264,6.68667221069,-2.64302349091,-11.4005966187,3.46081423759,-2.32680749893,4.51727056503,-2.32846736908,-9.47819805145,-8.02798652649,-6.22020339966,5.55462932587,-0.225748121738,-15.0725784302,3.21564888954,-2.04600405693,F_0xGFSes8qgY,True
-8.61141967773,18.5696773529,-13.7073516846,-15.2781677246,5.46946191788,-5.2380399704,15.9025344849,-14.3884143829,-17.0783729553,0.485001206398,-6.16850996017,17.4061717987,-13.7124032974,-11.5164299011,7.39011335373,-2.79512786865,14.7390327454,-14.3934669495,-13.3166379929,2.40565228462,-8.86315059662,18.4158916473,-13.2890796661,-16.1732387543,5.38181304932,-5.48977184296,15.7487506866,-13.9701423645,-17.9734458923,0.397351861,F_15vIHoDwJG4,True
-11.0114927292,4.7856965065,-12.6758184433,-12.3162584305,-18.702085495,-15.0035190582,3.60973978043,-11.3130836487,-14.0609111786,-15.3583021164,-11.895567894,7.78264665604,-17.6071949005,-12.9421768188,-21.4790000916,-15.8875951767,6.6066904068,-16.2444591522,-14.6868305206,-18.1352176666,-13.7094316483,4.85783052444,-14.1257886887,-10.0883522034,-17.2249298096,-17.7014560699,3.68187427521,-12.763053894,-11.8330049515,-13.8811483383,F_1NvU8WG9bg0,True
15.7874765396,-5.81819963455,-12.3562822342,-15.3738803864,6.13127946854,16.8703365326,-1.30692732334,-1.26350522041,-20.4216365814,7.80800628662,6.90499591827,5.20635271072,-10.5857954025,-23.4522724152,2.43587851524,7.9878578186,9.71762466431,0.506981790066,-28.5000305176,4.11260461807,6.04415798187,1.31561982632,-6.87279939651,-21.3705482483,-4.88622045517,7.1270198822,5.82689285278,4.21997880936,-26.4183063507,-3.20949316025,F_1yfx9eG6Es0,True
4.37829494476,1.94047009945,-2.65621852875,-17.6854362488,-2.20673012733,0.0638082027435,5.73180675507,-0.202029854059,-12.5121936798,3.6592464447,3.74006891251,-4.94060468674,-2.67974567413,-22.9587192535,0.699022650719,-0.574416875839,-1.14926803112,-0.225557476282,-17.7854766846,6.56499910355,6.21607208252,-3.28726100922,-4.68314361572,-18.1389865875,-0.408351302147,1.90158486366,0.504076778889,-2.22895503044,-12.9657430649,5.45762634277,F_20XsaHpRQC8,True
-5.91889572144,3.23118782043,-15.5326843262,3.55104112625,-10.2268009186,-4.58291435242,10.4512434006,-17.8041820526,0.303995072842,-1.10503935814,-0.381718218327,3.50437545776,-11.4540815353,-0.103454902768,-4.68529558182,0.954262256622,10.7244329453,-13.7255802155,-3.35050225258,4.43646526337,-3.32012200356,2.22835922241,-13.437245369,2.47097635269,-10.5359945297,-1.98414182663,9.4484167099,-15.7087421417,-0.776070296764,-1.41423368454,F_24fGcwlB8ro,True
-12.9980373383,4.34600830078,-15.7918977737,-3.75128030777,-13.076672554,-11.5558929443,2.61947488785,-16.4171142578,-3.47650671005,-14.123925209,-14.9410619736,4.68043804169,-14.473200798,-3.33509206772,-12.5317411423,-13.4989175797,2.95390558243,-15.0984153748,-3.06031847,-13.5789957047,-15.0712633133,0.827475428581,-15.824555397,-2.94029474258,-13.0387582779,-13.6291189194,-0.899059176445,-16.4497737885,-2.66552042961,-14.0860109329,F_2jGNGINIDTs,True
-11.3579101562,2.54002904892,-15.6553783417,-7.50048446655,-4.59714889526,-12.9755916595,5.31393241882,-18.6853065491,-8.11620998383,-8.53485202789,-4.43626213074,8.78288459778,-11.1055927277,-9.59478378296,-1.84948515892,-6.0539431572,11.5567874908,-14.1355218887,-10.2105093002,-5.78718662262,-8.19389724731,7.35853815079,-13.9533882141,-11.7642221451,-4.15367698669,-9.81157684326,10.132440567,-16.9833145142,-12.3799467087,-8.09138011932,F_2NOQEJKLqks,True
-8.5177116394,-3.26868772507,7.42331981659,-23.8975467682,-9.13083648682,-0.527523994446,-11.9686946869,-0.152499109507,-7.17492628098,3.65242481232,-8.06509208679,-2.12732648849,8.80711269379,-30.8050613403,-7.49997711182,-0.0749039649963,-10.8273334503,1.23129475117,-14.0824422836,5.28328466415,-7.15525722504,5.55721902847,4.33412837982,-15.9892320633,-6.57346487045,0.834931850433,-3.14278841019,-3.24168920517,0.733390808105,6.20979738235,F_34er8UPmLuQ,True
-3.11406564713,2.89317989349,-0.396259576082,-15.082613945,-12.6194963455,-2.29120445251,7.31625747681,-8.63490104675,-11.9987258911,-18.9904594421,-3.99680376053,-0.763507604599,0.0129625424743,-19.7749481201,-8.05326843262,-3.17394161224,3.65957307816,-8.22567844391,-16.6910591125,-14.4242334366,2.72517967224,2.66621160507,3.46847844124,-16.8014507294,-12.8469114304,3.54804182053,7.08929157257,-4.77016353607,-13.7175645828,-19.2178783417,F_3c66YWCXdbU,True
8.61285018921,-4.17661809921,-1.49728643894,-35.0237388611,-3.41357302666,4.70810842514,4.549264431,1.56636619568,-39.3873939514,-7.23640203476,8.60348892212,0.287587046623,-2.22614264488,-32.2155532837,-1.55660414696,4.69874954224,9.01346588135,0.837509572506,-36.5792121887,-5.37943220139,5.57763671875,3.86071109772,-1.41676008701,-28.8424530029,-0.979205846786,1.67289674282,12.5865879059,1.64689254761,-33.206111908,-4.80203294754,F_3DL_97x0dpQ,True
10.01222229,18.2299442291,-19.3014087677,-13.67141819,-12.1233778,7.47628593445,16.1786575317,-15.664349556,-14.2231826782,-16.2719497681,10.2778682709,17.5703010559,-14.3082742691,-14.0472345352,-12.2853746414,7.74193191528,15.5190134048,-10.6712083817,-14.5989990234,-16.4339447021,9.88813209534,13.7330112457,-14.7238206863,-15.1240739822,-7.72411346436,7.35219573975,11.6817216873,-11.0867586136,-15.6758375168,-11.8726844788,F_3ZCGz3PPA98,True
0.809017300606,-2.8895907402,-30.8903770447,-24.5020084381,-13.8867731094,-6.15812540054,-3.9627456665,-19.2698421478,-25.5017604828,-9.99069881439,2.95202493668,-2.58340454102,-27.1676292419,-27.4886837006,-14.288807869,-4.01511621475,-3.65655994415,-15.5470924377,-28.4884357452,-10.3927316666,-1.91136932373,0.786420106888,-31.4376907349,-21.5873737335,-14.0335836411,-8.87851142883,-0.286737024784,-19.817155838,-22.5871257782,-10.1375074387,F_5f8rmrF_mDI,True
-0.712199449539,5.61892938614,-8.76941776276,-11.3319225311,-6.47411298752,7.97614097595,8.38060474396,-6.56031417847,-23.4960765839,-8.13979148865,4.24008703232,4.07580709457,-8.8147611618,-8.77544975281,-3.34421992302,12.9284248352,6.8374838829,-6.60565757751,-20.9396038055,-5.00989770889,2.17518663406,9.13574409485,-8.92486286163,-12.258644104,-6.89079380035,10.8635282516,11.8974218369,-6.71575737,-24.4227962494,-8.55647182465,F_69RNNex-sig,True
-7.72030544281,14.0105028152,2.1344025135,-17.7210922241,-0.577419519424,-5.00689220428,14.8004760742,-1.7697314024,-4.08712911606,2.98169875145,-6.45363712311,14.3303260803,2.81848597527,-14.8509511948,-6.0215716362,-3.74022459984,15.1202993393,-1.08565080166,-1.21698951721,-2.46244978905,-5.78646659851,16.8161869049,2.21377539635,-20.4065818787,-0.462530851364,-3.07305502892,17.6061611176,-1.69036090374,-6.77262067795,3.09658741951,F_6ClKTIhJizQ,True
2.16568613052,-9.57199764252,-2.82651305199,6.74158859253,1.23815751076,0.429962873459,-5.98544168472,-6.60154485703,4.96821212769,1.69498252869,-4.56554460526,-10.3306417465,-4.45698738098,6.2633357048,-1.36754393578,-6.30126667023,-6.74408483505,-8.23201847076,4.48995876312,-0.910717487335,3.89985656738,-9.16816616058,-3.71382594109,7.87026166916,0.938117265701,2.1641330719,-5.58160638809,-7.48885679245,6.09688425064,1.39494276047,F_6d6oBTmEbRM,True
-12.8325834274,10.8977327347,-1.59183549881,-3.01660394669,0.636986255646,-8.90249824524,14.3525438309,-3.0014102459,-3.24680972099,0.17712187767,-12.1739435196,10.3146982193,-2.65982580185,-3.04656457901,1.31805610657,-8.2438583374,13.7695112228,-4.06940031052,-3.27676844597,0.858190536499,-9.87014484406,10.4940748215,-3.84245824814,-5.16299295425,1.7460398674,-5.94005870819,13.9488868713,-5.25203323364,-5.39319849014,1.28617501259,F_6IOuy3ohGSc,True
-6.2668170929,10.5922851562,-12.882396698,-2.07100248337,4.44049263,-7.40744161606,10.3566074371,-12.1359186172,-0.987937688828,5.18613290787,-7.25057411194,10.5401611328,-13.339302063,-1.84593343735,7.6594748497,-8.39119911194,10.3044834137,-12.5928258896,-0.76286816597,8.40511608124,-7.10716438293,10.42137146,-13.615978241,-1.5109667778,8.01176929474,-8.24778556824,10.1856956482,-12.8694982529,-0.427902460098,8.75741004944,F_73txXT21aZU,True
21.1122055054,-9.78219127655,-27.8958759308,-7.44554758072,2.37384605408,20.1337871552,-6.11852455139,-26.8781661987,-3.21696209908,4.85980176926,22.035654068,-8.79176616669,-28.5932331085,-8.62009525299,1.70772838593,21.0572376251,-5.12809991837,-27.5755195618,-4.39151334763,4.19368314743,21.227142334,-9.48000526428,-27.2286624908,-7.40578889847,2.08801078796,20.2487239838,-5.81633853912,-26.2109489441,-3.1772043705,4.57396602631,F_7iVb3kXL_rU,True
-5.45551204681,3.87649106979,2.20354485512,-4.28934764862,-4.04875469208,-10.2247848511,8.20777797699,5.98224973679,-6.10344791412,-10.2698106766,-5.79452896118,1.0160599947,3.67935609818,-3.59605741501,-4.3999080658,-10.5638008118,5.34734725952,7.45806074142,-5.41015720367,-10.6209630966,-6.85776233673,-0.498749732971,1.86299645901,-4.68462944031,-6.24070596695,-11.6270341873,3.83253765106,5.64170026779,-6.49872970581,-12.4617605209,F_7LGWT2kJgj0,True
-3.54131150246,7.09679031372,-10.8413476944,0.732343912125,-14.7931137085,-7.22296047211,1.61546909809,-8.9914264679,2.09643697739,-7.15160751343,-4.85061645508,2.85206270218,-13.6228570938,-5.21828222275,-17.0100307465,-8.53226566315,-2.62926006317,-11.7729349136,-3.85418963432,-9.36852264404,-6.08306789398,5.74000692368,-11.5434932709,6.16119623184,-14.7625989914,-9.76471614838,0.25868499279,-9.69357013702,7.52528905869,-7.12109279633,F_8973s_nv62E,True
-14.7104349136,12.50203228,1.09348762035,-25.8255386353,-4.03472566605,-21.3524341583,0.895085334778,-8.30526638031,-11.2558984756,10.8622331619,-15.3787326813,10.9182672501,5.17811393738,-32.3099441528,-5.56954622269,-22.020734787,-0.688678741455,-4.22064113617,-17.7402992249,9.32741260529,-15.4472122192,12.8199300766,1.77052485943,-28.2395095825,-5.37146425247,-22.0892086029,1.21298408508,-7.62823104858,-13.6698656082,9.52549266815,F_89P-QakkJfw,True
-1.51342868805,4.71341371536,-8.81233787537,-6.22513532639,15.4172391891,1.31639170647,4.0947394371,-14.1481523514,-6.46125364304,5.72867918015,-4.96133089066,1.18097698689,-10.2336854935,-7.0188164711,15.231965065,-2.13151097298,0.562301516533,-15.5694990158,-7.25493383408,5.54340553284,-3.13382577896,-1.32470881939,-11.2661304474,-9.0821313858,11.9433994293,-0.304005861282,-1.9433838129,-16.6019458771,-9.31824684143,2.25484108925,F_8FFxdUPi6rY,True
1.37320756912,10.0320539474,0.953318834305,13.0672035217,5.50203275681,-4.1872587204,7.47398138046,3.78269314766,4.02660274506,0.1745403409,-1.2368812561,10.1184005737,0.174996584654,11.9795646667,3.48466038704,-6.79734897614,7.56032800674,3.00437045097,2.93896365166,-1.84283447266,-2.09658622742,10.3209552765,2.02039647102,10.3241176605,6.95336008072,-7.65705299377,7.76287984848,4.84977054596,1.28351545334,1.62586641312,F_8TOTUOFMjuo,True
2.72690200806,-4.21527242661,-4.42941856384,-1.13509511948,1.05906414986,2.11347818375,2.42180776596,-2.96264052391,3.54803228378,-2.60709071159,2.82679748535,-5.31168413162,-4.45265960693,-1.93886184692,3.12332940102,2.2133731842,1.32539665699,-2.98588347435,2.74426531792,-0.542827010155,1.86558449268,-3.07776165009,-5.29319763184,3.79506230354,-1.92038846016,1.25215888023,3.55931901932,-3.82642149925,8.47819042206,-5.58654308319,F_94HqFht60Ek,True
-10.5015821457,2.15036582947,6.56791973114,2.30341672897,-3.9476954937,-0.676670193672,4.00895261765,4.18108272552,-0.764256954193,-6.48766565323,-8.86123275757,0.668750941753,3.62944221497,0.236321434379,-2.00561070442,0.963679790497,2.52733850479,1.24260699749,-2.83135223389,-4.54558181763,-6.51147603989,1.61835408211,1.6867017746,-1.60973763466,-0.663777470589,3.31343746185,3.47694253922,-0.700134813786,-4.67741060257,-3.20374751091,F_9igrwl1U7s4,True
-7.77400112152,18.2100887299,-2.8269276619,-0.213976874948,-8.38529682159,-12.5801534653,12.1329660416,-4.23880147934,-4.184258461,-5.38920116425,-8.20051193237,17.0947036743,-4.85302639008,-5.12445640564,-12.200135231,-13.0066652298,11.0175790787,-6.26489973068,-9.09473514557,-9.20403957367,-6.28414678574,14.5803108215,-2.95554590225,-1.52353954315,-7.96121168137,-11.09030056,8.50318622589,-4.3674197197,-5.49381923676,-4.96511602402,F_9oETTQVGP1w,True
-1.61678040028,-0.588399767876,3.13964700699,2.67296814919,-6.23686790466,-5.12321186066,1.49557650089,-18.9811172485,-5.56654500961,-8.45192718506,-2.65092754364,-4.14161872864,-3.45955133438,-0.399174690247,-4.09563970566,-6.15735864639,-2.0576415062,-25.5803146362,-8.63868904114,-6.31069898605,-1.56793653965,-0.66582763195,2.60155248642,-1.64956140518,-3.85145974159,-5.07436847687,1.41814911366,-19.5192127228,-9.88907432556,-6.06651926041,F__18hsqaDrHs,True
-3.55972576141,-6.6323056221,-5.57725524902,4.72014665604,-4.49317550659,-3.51590299606,-6.327937603,-3.14498209953,4.16617822647,-4.61533927917,-2.41097974777,-5.27548551559,-3.20841121674,6.53387022018,-3.46250033379,-2.36715555191,-4.97111845016,-0.776137471199,5.97990083694,-3.58466434479,-3.70727157593,-5.3044052124,-8.40123176575,5.05390405655,-0.033726580441,-3.66344690323,-5.00003814697,-5.96895742416,4.49993562698,-0.155888974667,F__aAMwBO1Tco,True
-2.99478530884,5.91536426544,-11.428817749,-12.1025362015,-0.721251368523,-4.65835142136,2.43349695206,-7.65071344376,-8.31988716125,3.07999515533,-0.225303173065,5.43652439117,-9.09126567841,-15.5696668625,0.497412323952,-1.88886892796,1.95465791225,-5.31316232681,-11.787021637,4.29865837097,-2.10612726212,7.297082901,-14.7854967117,-11.5720682144,-1.53109502792,-3.76969194412,3.81521701813,-11.0073919296,-7.78941965103,2.27015113831,F__C-_1SIlpiA,True
2.18002200127,-1.44449222088,-10.2930021286,-16.6783657074,-12.1909132004,2.78397631645,0.61543238163,-12.03835392,-12.0839681625,-14.4580631256,-0.97086083889,0.414858698845,-9.66162776947,-15.5743350983,-14.2533445358,-0.366906166077,2.47478294373,-11.4069814682,-10.9799375534,-16.5204925537,2.38834452629,-4.02364683151,-10.6771421432,-15.860502243,-9.78318691254,2.9922990799,-1.96372282505,-12.422495842,-11.2661027908,-12.0503349304,F__eu-eFABGDY,True
-2.50235414505,16.5588111877,-2.75861907005,-4.3896856308,-23.4429035187,1.99258375168,16.5960445404,-2.17677783966,-0.225643888116,-14.8618001938,2.71207523346,14.6625814438,-1.03801643848,-7.0033788681,-16.6907978058,7.20701313019,14.6998195648,-0.456173807383,-2.83933711052,-8.10969734192,0.938460826874,19.1973266602,-3.05891251564,-5.94616985321,-22.5751552582,5.43339824677,19.2345600128,-2.47707080841,-1.78212714195,-13.9940500259,F__RiKnRbBhtQ,True
-9.88434028625,2.89905881882,-5.30423498154,-13.193110466,-6.62199544907,-8.09155273438,3.40881156921,-6.59433364868,-11.7334794998,-7.38975381851,-10.5907516479,2.02568101883,-4.42662096024,-12.6788053513,-6.64735174179,-8.79796409607,2.53543233871,-5.71671724319,-11.2191743851,-7.41510820389,-10.0216464996,3.75786924362,-8.58453559875,-10.4409065247,-7.2408413887,-8.22885894775,4.26762151718,-9.87463474274,-8.9812746048,-8.00859928131,F__tSqpfHWYi4,True
-7.20094347,-2.2239985466,7.37287712097,-15.3519906998,-1.16295206547,-3.00556850433,-4.7685713768,3.8793964386,-17.2532100677,-2.7613260746,-5.66483974457,-1.07904350758,8.00077342987,-16.8204174042,0.0845793411136,-1.46946406364,-3.62361383438,4.50729131699,-18.7216396332,-1.51379585266,-6.36385250092,-0.382117331028,1.06647336483,-15.4081201553,0.745614290237,-2.16847801208,-2.92668962479,-2.42700862885,-17.3093414307,-0.852760672569,F_AcF1AMace2s,True
-5.59562301636,5.52054691315,-14.1506938934,-8.80539035797,-7.47954463959,-7.34430170059,6.08324289322,-6.27717638016,-3.47277998924,-6.79400920868,-5.05618190765,-1.65231466293,-16.6964149475,-6.26630020142,-13.1276817322,-6.80485963821,-1.0896191597,-8.82290458679,-0.933688640594,-12.4421472549,-3.82461929321,3.32105541229,-9.07539176941,-6.53853654861,-12.7420730591,-5.57329702377,3.88375091553,-1.20187687874,-1.20592427254,-12.0565385818,F_aDEecz10DnY,True
-7.47156572342,-9.09289550781,-4.43839788437,-12.5415716171,-8.82729721069,2.17116475105,-0.168316960335,-8.17039299011,-7.07361841202,-10.5678672791,-13.9620704651,-7.19754457474,-10.6355686188,-10.4210500717,-1.18575692177,-4.3193397522,1.7270334959,-14.367565155,-4.95309877396,-2.92632603645,-7.21907949448,-1.47581589222,-8.68469429016,-12.3203630447,1.26560354233,2.42365050316,7.44876098633,-12.416686058,-6.85241174698,-0.474965572357,F_aHrn3-Cb3iM,True
10.3136119843,4.50046873093,2.24436187744,-11.7439393997,4.45563602448,9.32360553741,5.81814718246,1.67326462269,-10.9317436218,4.16144514084,10.642124176,5.58007001877,3.00071334839,-12.8186635971,5.44520998001,9.65211677551,6.89774942398,2.42961549759,-12.0064678192,5.15101766586,11.0986728668,2.15565109253,2.9849486351,-9.7720117569,6.76517868042,10.1086673737,3.4733300209,2.41385126114,-8.959815979,6.47098731995,F_AP5k17Dbx_M,True
-7.8349032402,3.55116891861,-22.3149757385,-5.51185703278,9.58229160309,-2.85194373131,8.98655605316,-11.1852893829,-1.3868625164,5.30098867416,-8.0073184967,3.65319681168,-20.1638317108,-7.36334037781,7.18251132965,-3.02435851097,9.08858394623,-9.0341463089,-3.23834681511,2.90121102333,-8.27323532104,1.40824019909,-16.6151428223,-7.22491836548,5.36905193329,-3.29027533531,6.8436293602,-5.48545694351,-3.09992432594,1.08775150776,F_aqvxyejK0MQ,True
-8.99775791168,0.427966892719,-4.95831823349,-6.41009616852,-3.42164421082,-6.67508506775,-1.01481556892,-5.89790153503,-2.46481394768,-7.08167123795,-4.48317337036,0.688320219517,-5.10514211655,-8.93259525299,-2.97449874878,-2.16049695015,-0.754463195801,-6.04472541809,-4.98731088638,-6.63452482224,-3.78857898712,0.911530554295,-8.79942703247,-7.29860115051,-5.8486161232,-1.46590328217,-0.531252861023,-9.73901081085,-3.35331892967,-9.50864219666,F_b-MbEx1Iqj8,True
-1.76863241196,9.02571964264,6.05215835571,-22.5598640442,-4.71290206909,-3.48983955383,7.68764448166,4.70480728149,-26.514093399,-8.0025434494,1.00590872765,10.018872261,12.5603914261,-20.7487850189,-8.81429386139,-0.71529853344,8.6807975769,11.2130422592,-24.7030162811,-12.1039333344,-1.89671516418,9.21809482574,9.8310956955,-21.9015388489,-4.06170558929,-3.61792182922,7.88001966476,8.48374652863,-25.8557701111,-7.3513469696,F_bg1pjsCTIRc,True
-10.6132011414,-3.706179142,-1.33913934231,-8.43395328522,0.999582648277,-11.5250644684,-5.32110548019,1.61626136303,-5.87283039093,-5.39499998093,-11.161397934,-1.91422069073,-1.8883317709,-8.87203598022,1.93795073032,-12.073261261,-3.52914619446,1.06707048416,-6.3109126091,-4.45663118362,-9.49866580963,-5.25815629959,-4.61880111694,-8.93766689301,-2.28740668297,-10.4105300903,-6.87308263779,-1.66339945793,-6.37654352188,-8.68198871613,F_BgPMunO3Myw,True
11.971405983,10.6150159836,-3.6606426239,-1.65526676178,-12.312579155,13.9822721481,5.44668149948,-15.6220588684,-2.99964761734,-12.3330230713,8.52206039429,9.76090049744,-5.58424139023,-3.35496497154,-13.2418832779,10.5329256058,4.59256696701,-17.5456562042,-4.69934892654,-13.2623271942,13.0819272995,7.90856933594,-1.46954715252,-6.35120201111,-12.7628545761,15.092795372,2.74023342133,-13.4309663773,-7.69558477402,-12.7832984924,F_bkkMc9tU-CI,True
-8.70553970337,7.39624452591,-14.0433645248,-15.9889707565,-14.2103281021,-8.14881324768,2.82473039627,-12.3405437469,-18.9037322998,-12.6686105728,-6.94394350052,4.73285531998,-16.3399944305,-18.589132309,-14.2099599838,-6.38721609116,0.161341071129,-14.6371746063,-21.5038948059,-12.6682424545,-9.82722663879,8.91116905212,-12.5321979523,-18.1623592377,-10.8224620819,-9.27049827576,4.33965492249,-10.8293762207,-21.0771217346,-9.28074741364,F_bkktzuYtYNw,True
-8.63904762268,1.1556943655,-17.5172481537,-7.39966917038,-4.44613265991,-7.83628416061,-0.352752685547,-15.2630033493,-5.51429891586,-6.90992546082,-9.05914115906,-0.505354046822,-20.2295398712,-14.5298709869,-3.84247040749,-8.25637626648,-2.01380062103,-17.9752941132,-12.6445016861,-6.30626487732,-8.74128913879,-1.8170183897,-19.0507106781,-12.1493091583,-2.79510045052,-7.93852424622,-3.32546377182,-16.79646492,-10.2639389038,-5.25889444351,F_bNxY4yKBHeg,True
-2.36041307449,23.3017711639,6.21563148499,-3.6734662056,-5.46521234512,-0.113009810448,24.9470558167,4.33242893219,-2.47941040993,-5.64550924301,-0.196394503117,19.7062778473,4.96420955658,-0.931004047394,-5.51650476456,2.05100893974,21.3515663147,3.08100652695,0.263050794601,-5.6967997551,-3.38410949707,20.1433467865,4.70243358612,-4.61045360565,-8.07691574097,-1.13670575619,21.7886352539,2.81922960281,-3.41639924049,-8.25721263885,F_bYepd01KDFw,True
-13.9092512131,-1.01292407513,-10.7408494949,-18.2552642822,-5.4183216095,-18.5085868835,-5.77150774002,-12.3523778915,-16.0576992035,-9.08197498322,-15.9838371277,-0.489251077175,-9.10873889923,-18.8239631653,-4.42832708359,-20.5831718445,-5.24783563614,-10.7202672958,-16.6263980865,-8.09198093414,-14.9350728989,1.09343469143,-14.2422304153,-13.8121871948,-4.95035171509,-19.5344085693,-3.66514873505,-15.853758812,-11.6146240234,-8.61400508881,F_bzmzjfQRA-A,True
-10.8927402496,1.81162595749,-6.93522453308,-32.9229621887,-5.23588657379,-3.78245639801,7.09067773819,-3.50993967056,-27.751991272,-7.93479585648,-8.09119606018,1.33314800262,-2.84422874451,-26.6344718933,-2.01343083382,-0.980911374092,6.61219835281,0.581056654453,-21.4634971619,-4.71234083176,-10.4641942978,1.17186403275,-7.77295875549,-27.0153694153,-3.91535305977,-3.35391044617,6.45091485977,-4.34767436981,-21.8443946838,-6.61426258087,F_cCMzlrpWHgo,True
2.74526238441,-8.17414474487,5.04109334946,-15.917965889,-19.5420093536,0.270583152771,-11.965845108,6.76661205292,-15.8844633102,-15.8375101089,3.94268155098,-7.00071334839,5.02792167664,-15.3521842957,-20.3247928619,1.46800231934,-10.7924137115,6.75343990326,-15.3186826706,-16.6202964783,6.78046798706,-8.46652030945,3.97660255432,-14.8759021759,-21.1433391571,4.30578804016,-12.2582187653,5.70211982727,-14.8423995972,-17.4388446808,F_CFcDjqyTTuQ,True
1.13592517376,18.5330104828,3.49542307854,-4.16459512711,-15.3335771561,7.34726047516,11.1200313568,5.28197813034,-7.81369876862,-10.8491888046,-0.374331831932,15.2730407715,1.16960442066,-6.92976427078,-14.7101545334,5.83700275421,7.860060215,2.95615744591,-10.578868866,-10.2257661819,1.59377741814,15.5939722061,3.37362790108,-3.28597760201,-15.672244072,7.80511188507,8.18099117279,5.16018247604,-6.93507957458,-11.1878557205,F_CoJLjtzmbxI,True
1.12211823463,-0.402060389519,-10.9314479828,-5.78882646561,-2.13072896004,8.82309532166,0.549660563469,-8.49647521973,-23.8883914948,-7.66688776016,-2.90911626816,10.7721290588,-4.17214679718,-7.40048551559,-8.24429702759,4.79186248779,11.7238483429,-1.73717522621,-25.5000476837,-13.7804555893,-3.16773939133,1.8830589056,-10.8243904114,-3.66067433357,-6.94849252701,4.53323984146,2.83477973938,-8.38942050934,-21.7602405548,-12.4846506119,F_D3ylhYOOuzk,True
6.97733545303,-5.05081939697,4.45218753815,-14.1041917801,-8.70534896851,1.74370026588,-7.25882291794,5.70928287506,-11.464969635,-10.8221120834,7.53199148178,-5.16885757446,0.965133607388,-8.00874614716,-6.86950540543,2.29835724831,-7.37686109543,2.22222733498,-5.36952257156,-8.98626804352,6.61319112778,-4.04788398743,2.10194993019,-6.58195543289,-10.5027532578,1.3795568943,-6.25588750839,3.35904288292,-3.94273138046,-12.619515419,F_Denygx4SiXM,True
-8.32163047791,6.74645423889,-9.71213722229,6.63180971146,-8.84925079346,-6.93198347092,6.67622613907,-6.81758022308,4.15329170227,-9.20936870575,-9.3630027771,7.25352478027,-11.8657073975,2.44858145714,-10.7406625748,-7.97335624695,7.18329524994,-8.97115135193,-0.0299360901117,-11.1007804871,-7.63125610352,7.07061862946,-9.39472961426,8.64404296875,-9.16501045227,-6.24160909653,7.00038957596,-6.50017261505,6.16552686691,-9.52512741089,F_dhfcutcvsLU,True
-5.667719841,8.89643669128,-5.5684709549,-6.14802789688,12.0866298676,-3.9658780098,8.37381458282,-0.00453916937113,-11.9774255753,1.77074885368,-8.64931774139,12.9860973358,-2.13773798943,-5.28303194046,11.7585086823,-6.94747495651,12.4634752274,3.42619466782,-11.1124315262,1.44262695312,-11.1836090088,2.94558668137,-10.0127668381,-6.67638731003,5.70114707947,-9.4817647934,2.4229683876,-4.44883489609,-12.5057859421,-4.61473417282,F_dP15zlyra3c,True
-0.0584133863449,-1.90840876102,-9.83579921722,4.03485965729,-6.03621816635,-5.99589681625,-2.64666986465,-13.8150472641,-3.39984846115,0.118905775249,0.303921580315,3.84092378616,-9.72452068329,0.881036520004,-7.71805238724,-5.63356304169,3.10266160965,-13.7037687302,-6.55367279053,-1.56292879581,0.586117744446,-3.93624305725,-11.3561382294,-0.189017549157,-5.50948286057,-5.35136556625,-4.6745057106,-15.3353843689,-7.62372636795,0.645641088486,F_DZ0i7aPWmZ8,True
0.202713489532,8.70651340485,-2.77541422844,2.08412003517,-3.62143993378,-1.79599452019,-3.31997299194,-6.00024366379,4.75672864914,-6.36149168015,1.77828645706,1.94483053684,-2.2542526722,0.773167133331,0.636682033539,-0.22042119503,-10.081656456,-5.47908163071,3.44577598572,-2.10337090492,-5.80965995789,-0.46667945385,-2.25566315651,0.547945022583,1.83397138119,-7.80836677551,-12.4931659698,-5.4804930687,3.22055482864,-0.906082391739,F_e8xieEcL23w,True
0.0891512930393,-2.01141643524,-6.01455307007,-18.1045074463,-11.4815368652,-0.449377536774,-4.05515432358,-10.3961849213,-20.0374259949,-2.78811788559,1.35348975658,-5.21439886093,-2.77189540863,-16.4505748749,-13.065404892,0.814961433411,-7.2581372261,-7.15352487564,-18.3834896088,-4.37198781967,3.98866176605,2.37023878098,-3.2742767334,-19.9138660431,-15.8619089127,3.45013356209,0.326500833035,-7.65590810776,-21.8467826843,-7.16849374771,F_ebcfFg2ihYw,True
-17.9650001526,-7.10904598236,-18.8003959656,-16.0877037048,-11.6669864655,-18.2702903748,-6.71643829346,-17.0741481781,-13.9701471329,-11.0317049026,-17.1025772095,-6.05971431732,-19.4374198914,-17.8384666443,-11.1187896729,-17.4078712463,-5.66710567474,-17.7111740112,-15.7209091187,-10.48350811,-21.0241584778,-5.96947860718,-16.577085495,-16.7465667725,-8.74073028564,-21.3294487,-5.57686805725,-14.8508386612,-14.6290092468,-8.10544776917,F_EbU7VPY4QIA,True
-11.821434021,-3.61404752731,4.01051425934,-14.623005867,-3.57635402679,-15.5726680756,-1.83235013485,2.42230129242,-13.198720932,-1.28546571732,-13.7514019012,-2.6210398674,5.77461719513,-12.8761568069,-5.92159748077,-17.5026378632,-0.839341282845,4.18640232086,-11.4518718719,-3.63071012497,-4.97955799103,-3.86250925064,6.42658615112,-11.7717599869,-10.0668382645,-8.73079204559,-2.08081197739,4.83837413788,-10.3474750519,-7.77594995499,F_ef0cNdb3XjI,True
-1.7226331234,2.15024137497,0.709541559219,-17.8228206635,-9.43452262878,3.90290498734,3.53955698013,12.6120443344,-17.9180316925,-2.81463980675,-1.13057160378,3.7565407753,0.613345384598,-15.7310762405,-12.7803497314,4.49496507645,5.14585924149,12.5158452988,-15.8262863159,-6.16047048569,0.213102757931,7.1907992363,-2.34439611435,-22.7096405029,-5.64995574951,5.8386387825,8.58011245728,9.55810451508,-22.8048477173,0.969926834106,F_EidtuNDNbwY,True
-2.43140363693,12.6691179276,-6.19307231903,-10.6143445969,-10.0331840515,-1.7870080471,9.70411872864,-2.95722532272,-10.1616563797,-7.7793712616,-1.3096357584,13.00785923,-1.83020687103,-10.9976224899,-9.57363986969,-0.665239691734,10.0428619385,1.40564107895,-10.5449342728,-7.31982898712,-3.93177938461,14.5060281754,-4.61365318298,-10.4798498154,-11.5463294983,-3.28738379478,11.5410327911,-1.37780570984,-10.0271596909,-9.29251766205,F_EIh4VpXQ8HU,True
-7.02093267441,-1.88527393341,-8.97421360016,-17.7045021057,-4.95477151871,0.397190153599,-5.25624227524,-5.49660301208,-17.31457901,-12.4646043777,-6.79235267639,0.221395611763,-6.67999172211,-22.6832752228,-2.58049273491,0.625769436359,-3.14957284927,-3.20238113403,-22.2933521271,-10.0903234482,-12.6454582214,-6.42007303238,-10.2467441559,-16.8832817078,-5.47090482712,-5.22733926773,-9.79104328156,-6.76913547516,-16.4933567047,-12.9807348251,F_eV23yzJIPWo,True
-2.56108307838,11.3826847076,0.926813185215,-14.5698137283,-5.25021696091,-1.94463157654,19.2566642761,-1.0517629385,-9.83448028564,-1.97458553314,2.76926183701,7.60475730896,-1.62233150005,-17.6189651489,-7.89729738235,3.38571476936,15.4787349701,-3.60090756416,-12.8836326599,-4.62166547775,-6.05336856842,5.11767482758,-1.85975348949,-20.4838371277,-10.9038047791,-5.43691587448,12.9916505814,-3.83832859993,-15.7484989166,-7.62817335129,F_F9fEEqjuzcI,True
-3.0888428688,2.75483179092,5.25509214401,-2.39680838585,-1.57941734791,-5.84089851379,3.6035399437,5.49949359894,-0.247337624431,-6.27411460876,-4.04827737808,3.00807762146,9.3082113266,-1.31839203835,1.92546856403,-6.80033302307,3.85678625107,9.55261230469,0.831078648567,-2.76922821999,-8.46776580811,1.72258198261,4.29354000092,2.81170630455,-3.63962960243,-11.2198228836,2.57128953934,4.53794050217,4.96117544174,-8.33432579041,F_FaAjPRKXXv0,True
-10.4658746719,4.61911249161,-11.3264760971,-7.42665624619,-10.7614631653,-7.98259925842,-0.7294485569,-7.8806643486,-1.2362434864,-9.68466472626,-11.2295312881,4.86831951141,-8.59803962708,-9.93377304077,-9.64846229553,-8.74625682831,-0.480242729187,-5.15222644806,-3.74335885048,-8.57166385651,-11.3708019257,5.74717950821,-9.71809864044,-7.71353292465,-10.9192781448,-8.8875246048,0.398617327213,-6.27229070663,-1.52311968803,-9.84247779846,F_fc8LngsvxUc,True
-3.26491498947,2.50182104111,-10.0483160019,0.164096578956,7.47793006897,-0.376273751259,0.253781199455,-7.75090265274,2.8529291153,8.45100879669,-3.89646482468,0.860253691673,-10.7964963913,-1.15528440475,7.81895446777,-1.00782346725,-1.38778698444,-8.49908161163,1.5335483551,8.7920331955,-5.38234758377,2.94395589828,-5.47964525223,-0.998559474945,8.89447116852,-2.49370718002,0.695916771889,-3.18223071098,1.69027328491,9.86755084991,F_FcicUWGj0c0,True
-0.347341537476,12.3757696152,-3.90726613998,-12.8863286972,-4.5564198494,2.17491412163,14.382642746,-3.54557204247,-13.5519008636,-5.79258728027,-1.01809453964,5.18198299408,-5.15114545822,-11.7606344223,-7.05087089539,1.50416111946,7.18885564804,-4.78945112228,-12.4262046814,-8.28703689575,0.879000544548,10.1000976562,-4.34055757523,-13.2092618942,-4.55625009537,3.40125632286,12.1069698334,-3.97886323929,-13.874830246,-5.79241752625,F_fFVT_CtL62M,True
0.62792801857,-5.93705749512,-13.9818258286,-14.022485733,12.1592769623,-5.96634292603,-4.00179958344,-11.2695798874,-21.968875885,7.95722055435,-0.175909757614,-0.894821047783,-12.1382284164,-4.37838554382,11.3447027206,-6.77018165588,1.04043614864,-9.42598247528,-12.3247766495,7.14264631271,4.42924594879,-7.48625516891,-13.6322069168,-8.25153160095,10.2585487366,-2.16502451897,-5.55099773407,-10.919962883,-16.1979236603,6.05649137497,F_FKanE2sgW5I,True
-8.96094989777,-1.12844502926,-11.1039533615,-16.194732666,-11.5992422104,-8.20279121399,-3.33027362823,-6.95660924911,-13.153008461,-13.9164743423,-8.10979747772,0.24930202961,-11.7169599533,-17.8452301025,-9.91326522827,-7.35164117813,-1.95252454281,-7.56961393356,-14.8035020828,-12.2304983139,-9.8372297287,-0.241259932518,-9.97963619232,-16.4026565552,-13.1406679153,-9.07907104492,-2.44308710098,-5.83229112625,-13.3609323502,-15.4579000473,F_fPZNvBcoOtE,True
-7.01573944092,0.23727914691,-7.59639167786,-3.84979939461,-0.605330705643,-1.34448933601,7.71599054337,-6.49696779251,-12.2811193466,-10.522860527,-12.3633079529,0.0324675738811,-9.97789859772,0.605871915817,-4.92412948608,-6.69205665588,7.51117753983,-8.87847328186,-7.82544565201,-14.8416595459,-10.6998033524,-1.28545260429,-7.0083990097,-1.84412693977,-0.511727571487,-5.02855110168,6.1932592392,-5.90897417068,-10.2754468918,-10.4292554855,F_FriaMvobUi0,True
6.92377567291,1.87944567204,-7.31756925583,-5.88344335556,-6.81634378433,6.06184196472,-0.214840769768,0.566729664803,-8.74520015717,2.08429193497,4.12432146072,0.577475905418,-6.61659955978,-4.99605894089,-9.56330490112,3.2623872757,-1.51681125164,1.26769864559,-7.85781288147,-0.662670612335,3.15900468826,-0.709555506706,-4.99756669998,-7.45394468307,-8.47070884705,2.29707050323,-2.80384254456,2.88673448563,-10.3156995773,0.429924964905,F_FUKM8yFYvMg,True
-8.82122039795,22.6807479858,-8.46515846252,-9.50644493103,-2.6810131073,-10.0399942398,20.4381999969,-8.02024078369,-9.05167388916,-5.55214548111,-9.14392757416,23.2137775421,-7.74834680557,-9.50486564636,-2.51047706604,-10.3627004623,20.9712276459,-7.30342912674,-9.05009555817,-5.38160896301,-11.1017341614,23.1708698273,-10.3193502426,-10.5662059784,-1.16501355171,-12.3205041885,20.928319931,-9.87443065643,-10.1114349365,-4.0361456871,F_G4VKPR67xYs,True
0.296221971512,1.63145673275,0.681972920895,-7.16396856308,-12.4525823593,-1.0171251297,-1.18691337109,5.32473278046,-12.9514894485,-7.33746480942,-7.81110286713,4.0180106163,-1.75845956802,-6.4202876091,-15.6143636703,-9.12444972992,1.19963800907,2.88430094719,-12.2078084946,-10.4992437363,-3.97945690155,-4.07279634476,-2.39622783661,-5.99282455444,-7.1658911705,-5.29280376434,-6.89116573334,2.24653506279,-11.7803468704,-2.05077314377,F_gQXKFNJBgIc,True
7.04450035095,16.5083370209,-8.51320266724,-7.4023141861,-0.988129615784,2.95428800583,17.9110908508,-6.02840089798,-9.48666000366,-2.90647172928,6.81524276733,14.4238605499,-6.0463347435,-6.69136714935,-1.19479751587,2.72502994537,15.8266153336,-3.56153273582,-8.77571296692,-3.11313843727,3.72112226486,10.9023513794,-7.31930398941,-8.76934337616,-3.21166920662,-0.36909070611,12.3051080704,-4.83450222015,-10.8536891937,-5.1300110817,F_gTlPFG6_Ly8,True
-0.372151255608,3.09566497803,0.314292162657,-10.6467008591,-2.6077234745,4.62532806396,0.21161532402,-8.79124927521,-5.79115390778,3.05718111992,-3.78723430634,4.02102375031,4.20603704453,-18.2208518982,-7.89597272873,1.21024680138,1.13697457314,-4.89950370789,-13.3653049469,-2.23106741905,0.694050073624,-1.12172162533,5.52785205841,-16.365196228,-4.56621408463,5.6915307045,-4.00576972961,-3.57768774033,-11.5096502304,1.09868991375,F_GXXpJE_DSrg,True
-6.74887704849,2.19589424133,-10.8646602631,-12.062415123,-4.88903808594,-4.45896625519,2.32712936401,-4.23817586899,-17.7079334259,-1.02257239819,-5.7719373703,8.93238162994,-11.9915428162,-16.0319042206,-3.08001255989,-3.48202729225,9.06361675262,-5.36505746841,-21.6774196625,0.786452651024,-4.82371520996,10.1879863739,-16.0742282867,-14.4025793076,-6.05095291138,-2.5338037014,10.3192214966,-9.44774436951,-20.0480976105,-2.18448710442,F_He-BFGBOQvI,True
-14.8793764114,13.5498533249,-8.06856918335,-6.09194993973,-4.55122804642,-11.8962259293,15.6211462021,-9.81230831146,-4.29239368439,-3.71509289742,-17.941242218,19.8424835205,-6.20458507538,-8.75349235535,-3.53015446663,-14.9580917358,21.9137783051,-7.94832324982,-6.95393562317,-2.69401907921,-17.7498664856,14.7783212662,-6.96144008636,-7.08507299423,-8.44576644897,-14.7667179108,16.849615097,-8.70517921448,-5.28551578522,-7.60963058472,F_HFkYJofKBis,True
-9.75425815582,-4.13672685623,-5.25305223465,-1.12383282185,5.06568098068,-10.765127182,-3.3015422821,-7.70016717911,-3.02459526062,6.82750606537,-9.30808162689,-1.19861876965,-6.51732301712,-1.04257142544,2.9012234211,-10.3189506531,-0.363435149193,-8.96443653107,-2.94333314896,4.66304731369,-9.11779308319,-2.82811260223,-5.18097162247,-3.30121898651,6.28116750717,-10.1286621094,-1.99292886257,-7.62808704376,-5.20198154449,8.04299259186,F_HG17TsgV_qI,True
-4.80221843719,-6.24607563019,12.478603363,-26.9672622681,-13.506652832,-3.87434577942,-12.4944343567,4.53219175339,-31.531211853,-8.59013366699,-9.13319969177,-11.1466159821,12.5210914612,-33.9417152405,-6.5699338913,-8.20532798767,-17.3949775696,4.57467985153,-38.5056686401,-1.65341520309,1.34726500511,-1.88941919804,17.4601764679,-30.3249149323,-8.62882614136,2.27513933182,-8.13777732849,9.51376628876,-34.8888664246,-3.71230769157,F_hvkHF1qIB-g,True
-9.65243148804,0.784744858742,-2.04235053062,-4.62522554398,8.80392551422,-9.61031913757,1.76377534866,-2.45184612274,-5.53866577148,6.40753316879,-8.06647014618,2.74011230469,-2.42072057724,-4.7246222496,8.33417415619,-8.02435779572,3.71914339066,-2.83021616936,-5.63806247711,5.93778085709,-7.20805311203,0.801684260368,-3.00477433205,-3.45777463913,10.7426424026,-7.16593885422,1.78071522713,-3.41426920891,-4.37121486664,8.34624862671,F_HWpgOjAvUps,True
-7.48382234573,-4.39285421371,-4.12611341476,-8.33623409271,-10.2868528366,-6.69473361969,-4.13843488693,-6.67830514908,-6.16953420639,-9.64636611938,-6.05105781555,-5.78833246231,-4.45623779297,-8.13765335083,-10.2935037613,-5.26196956635,-5.53391361237,-7.00842905045,-5.97095155716,-9.65301895142,-7.13534402847,-3.89218950272,-4.50646781921,-6.19802999496,-9.88365268707,-6.3462562561,-3.63777208328,-7.05866003036,-4.03132915497,-9.2431678772,F_hyGJBV1xnJI,True
-1.31380331516,-5.64888143539,-5.89238643646,-8.52773952484,3.28959560394,-1.69198954105,-6.35804986954,-2.98249030113,-10.2262105942,0.834174156189,0.257212519646,-5.91274499893,-5.6373758316,-5.45256948471,-0.530728578568,-0.120974063873,-6.62191438675,-2.72748017311,-7.15104150772,-2.98615002632,-4.18294620514,-6.34800195694,-6.68396091461,-3.46971273422,-7.33439970016,-4.56113147736,-7.05717134476,-3.77406477928,-5.16818475723,-9.78982162476,F_IBp5Aip2Vw0,True
10.5821142197,15.8610134125,-0.373683005571,-5.46217727661,-7.79704141617,9.41899585724,15.7415504456,1.73545491695,-5.28737735748,-6.48182725906,9.53977966309,17.943731308,1.29113662243,-3.8154592514,-9.14528083801,8.37666130066,17.8242645264,3.40027713776,-3.64065885544,-7.83006715775,9.0183172226,10.5523376465,-3.03805589676,-4.67535877228,-7.46032714844,7.85519838333,10.4328784943,-0.928916633129,-4.50055885315,-6.1451125145,F_iDjxOXkgHBc,True
-6.95848274231,6.07259654999,-7.33350467682,-9.85530376434,-15.5944080353,-1.60960245132,7.59303331375,-6.54400062561,-12.2624998093,-14.8376684189,-8.3792552948,8.59979057312,-10.8819847107,-8.84767436981,-16.5644378662,-3.03037118912,10.12022686,-10.0924806595,-11.2548713684,-15.8076972961,-5.49141216278,8.48246192932,-7.28257274628,-12.2463064194,-15.0403556824,-0.142530202866,10.0028982162,-6.49306869507,-14.6535043716,-14.2836179733,F_IdViBalpikY,True
-2.47291660309,-0.136292815208,-1.85917782784,-4.81629753113,3.36309576035,-1.75702989101,1.60649490356,-6.30630540848,-4.21681547165,7.91942930222,-5.0937204361,-2.24306201935,-0.29062846303,-5.61400508881,0.779304027557,-4.37783384323,-0.500272750854,-4.73775720596,-5.01452350616,5.33563756943,-3.53064131737,-1.60960614681,-2.5960483551,-6.85108804703,2.63571596146,-2.81475496292,0.13318157196,-7.04317569733,-6.25160694122,7.19204854965,F_IWDJBCL9q7I,True
2.54409790039,-1.86067557335,-2.97324562073,-6.61320400238,-8.84996700287,1.56689167023,-3.93347120285,-3.79560804367,-3.24081611633,-4.85885572433,1.91637003422,-3.1093711853,-3.75963020325,-16.0232772827,-16.0395908356,0.939163684845,-5.18216657639,-4.58199167252,-12.650891304,-12.0484752655,6.54192972183,-0.378484249115,-7.30532455444,-12.1720180511,-11.9358224869,5.56472396851,-2.45127916336,-8.1276845932,-8.79962921143,-7.94471025467,F_j2WtUcsfR5s,True
10.6180849075,-3.1115026474,-6.08312273026,-11.7243328094,0.169357806444,8.06684780121,-2.5160651207,-9.10601139069,-11.1603097916,1.42179918289,8.64911746979,-3.67878484726,-11.0153532028,-10.0476512909,1.32820940018,6.09788322449,-3.08334875107,-14.0382452011,-9.48363018036,2.58065247536,8.45906734467,0.0859571695328,-7.07516956329,-10.3430271149,-2.29170894623,5.90783214569,0.681392908096,-10.0980596542,-9.77900600433,-1.03926634789,F_jmgV3OFn0aE,True
-4.06487798691,-1.30918335915,-5.28677558899,-8.95952987671,-11.8653764725,-6.73199987411,-4.32200336456,-12.1723279953,-10.8689222336,-9.8628988266,-5.16838550568,3.81321287155,-3.51166844368,-10.6516838074,-11.3051233292,-7.83550643921,0.80039191246,-10.3972234726,-12.5610780716,-9.30264377594,-9.67266273499,-1.73679566383,-2.54827427864,-10.1872282028,-12.898358345,-12.3397865295,-4.74961566925,-9.43382549286,-12.096619606,-10.8958806992,F_JQRRnAhmB58,True
9.51038455963,13.0380001068,-6.61969852448,-10.7142744064,-2.99787211418,9.14413547516,13.2924623489,-7.25467395782,-14.9467220306,-7.93195199966,13.563867569,16.677116394,-4.61812496185,-14.2412996292,5.14408826828,13.1976184845,16.9315795898,-5.25309944153,-18.4737434387,0.210009813309,16.7294082642,17.3190002441,-11.9567918777,-14.4697408676,-3.05939936638,16.363155365,17.5734672546,-12.5917682648,-18.7021884918,-7.99347925186,F_k7viIK45xGQ,True
-6.69610881805,4.69048976898,-19.1770210266,-20.6614093781,-0.871461033821,-7.90086650848,0.285503268242,-21.8739490509,-24.3561229706,-2.44395565987,-5.39779281616,2.61940717697,-21.3056430817,-22.0620059967,-0.843451619148,-6.60254955292,-1.78557932377,-24.0025653839,-25.7567253113,-2.41594529152,-4.41865634918,2.67844247818,-22.6897068024,-22.0640277863,-0.168110966682,-5.62341308594,-1.72654402256,-25.386631012,-25.7587394714,-1.74060547352,F_Kcn-y-1bebo,True
-7.97551250458,14.4525747299,-7.88594579697,-18.8540382385,0.266272366047,-5.70555067062,10.6200466156,-5.62137079239,-18.9829998016,-0.668136894703,-7.88895511627,12.538690567,-3.6138510704,-19.1532707214,6.49758005142,-5.61899232864,8.70616436005,-1.34927594662,-19.2822322845,5.56317138672,-7.19948863983,12.6460971832,-5.96849536896,-20.0366306305,2.9360024929,-4.9295258522,8.81356906891,-3.70392227173,-20.1655902863,2.0015912056,F_KDvoMCZ_qUI,True
-12.6187171936,-9.77167606354,-2.36389875412,-9.17720508575,-7.54339122772,-14.7314453125,-17.9643135071,-6.48154497147,-19.2910060883,-5.2597413063,-9.19899368286,-13.3578443527,-2.53346586227,-11.6675043106,-9.48353481293,-11.3117218018,-21.5504837036,-6.65111160278,-21.7813091278,-7.19988489151,-9.69616317749,-14.9065237045,-11.4371175766,-13.6856126785,-5.82824039459,-11.8088903427,-23.0991630554,-15.554766655,-23.7994155884,-3.54458999634,F_kJGQy-j3Nx4,True
-4.7087059021,-7.95271062851,-11.2597131729,-7.7255396843,-12.4738512039,3.95183300972,-8.53172969818,-1.75261151791,-1.06914389133,-17.4648208618,-5.54535388947,-7.27943181992,-9.97343349457,-5.55481672287,-11.596657753,3.11518526077,-7.8584523201,-0.466332226992,1.10157883167,-16.5876274109,-6.69237041473,-5.33283567429,-4.8623046875,-11.3821926117,0.082254640758,1.96816921234,-5.91185760498,4.6447968483,-4.72579717636,-4.90871572495,F_kqGYv5rLGJI,True
-6.91176843643,-2.10845947266,-23.0382900238,-4.37735939026,-1.55714023113,-5.0087685585,-5.25665521622,-15.5322237015,-8.63610839844,-5.33693599701,-4.91920042038,-4.3847899437,-23.4501819611,-1.41859340668,1.47608006001,-3.01620125771,-7.5329875946,-15.944111824,-5.67734193802,-2.30371594429,-7.57282686234,-1.23550117016,-24.5322303772,-6.049949646,-0.69368827343,-5.66982841492,-4.38369750977,-17.0261611938,-10.3086986542,-4.47348403931,F_Ks1kArpMj-o,True
-1.49574685097,1.06942760944,-13.3829374313,-28.9176445007,-17.3242931366,7.96423149109,-0.937704563141,-9.44504833221,-36.4453353882,-14.5823259354,3.72296738625,2.16221523285,-8.55538845062,-29.8440647125,-15.7592449188,13.1829433441,0.155083060265,-4.61750411987,-37.3717536926,-13.0172758102,9.12910461426,-3.06192398071,-10.0357084274,-27.6428432465,-18.4012775421,18.5890827179,-5.06905603409,-6.09782409668,-35.1705322266,-15.6593103409,F_kWetGqX9uFc,True
-4.69883108139,3.26503133774,-1.87994420528,-4.9131398201,-17.2820186615,-3.2315030098,1.0324267149,-2.51842689514,-1.35185337067,-8.64900779724,-9.22071933746,0.679168581963,1.67351686954,0.996847391129,-14.8339681625,-7.75339126587,-1.55343687534,1.03503441811,4.55813455582,-6.20095586777,-10.2317247391,3.17211294174,-0.861729085445,-1.08402657509,-11.9072504044,-8.76439857483,0.939508795738,-1.50021147728,2.47725963593,-3.27424120903,F_kxCEpfTSfJU,True
-6.75169610977,-5.33190202713,-17.0979442596,-13.8645343781,-4.02415800095,-1.63379132748,-10.7250976562,-16.1748828888,-11.972659111,-7.31766748428,-7.36359071732,-11.2632036209,-14.9493761063,-14.2648010254,-5.57525205612,-2.24568891525,-16.6563987732,-14.0263156891,-12.372923851,-8.86876106262,-6.09956598282,-6.99577760696,-17.2629013062,-13.8234729767,-2.25340819359,-0.981662154198,-12.3889732361,-16.3398418427,-11.9315958023,-5.54691839218,F_l87MRRjpkxM,True
2.81888914108,0.666131198406,-3.7406001091,-17.3218994141,-10.0784912109,1.99140918255,-2.80009460449,-2.74816942215,-9.90082168579,-5.63076734543,3.72315835953,0.613756835461,-4.26064395905,-17.8149909973,-2.3176214695,2.89567780495,-2.8524684906,-3.26821231842,-10.3939189911,2.13010239601,3.73636484146,6.1353430748,-7.52605485916,-12.3670625687,-7.51867437363,2.90888381004,2.66911888123,-6.53362321854,-4.94598436356,-3.07094883919,F_lanCzRFNoy8,True
-11.4171962738,4.33423662186,-6.29094171524,-11.1357765198,-4.79048109055,-6.30031251907,6.75367259979,-6.06040334702,-11.8995075226,0.888362884521,-14.28166008,-1.03508937359,-8.65636920929,-7.85086679459,2.43818068504,-9.16477584839,1.38434755802,-8.42583274841,-8.61459636688,8.11702442169,-10.3959369659,4.25539922714,-8.50821208954,-8.17004871368,1.74135649204,-5.27905368805,6.67483615875,-8.27767658234,-8.93377780914,7.42020082474,F_LICDb8nM5rs,True
2.08381724358,0.833155274391,-7.17741680145,-19.074546814,-12.6608181,2.65044736862,-7.44143342972,-7.23464584351,-22.4811019897,-14.5977373123,-2.22195672989,1.69924199581,-1.05763685703,-12.6972846985,-10.7523994446,-1.65532612801,-6.57534646988,-1.11486649513,-16.1038455963,-12.6893177032,2.04043745995,1.76476800442,-14.7562074661,-12.9192371368,-12.5094852448,2.60706663132,-6.50982141495,-14.8134346008,-16.3257980347,-14.4464035034,F_LO3gooVb400,True
2.63697481155,7.81886672974,-14.2525568008,-0.465869426727,-10.7554912567,-0.359725832939,3.47424268723,-10.7275629044,-3.40590381622,-8.88545322418,-0.264863073826,7.90735054016,-17.0471057892,0.453455924988,-13.6891422272,-3.26156401634,3.56272649765,-13.5221147537,-2.48657608032,-11.8191041946,3.91689586639,7.43038749695,-12.5873537064,-2.03212308884,-7.8556189537,0.920196592808,3.08576393127,-9.06235599518,-4.97215747833,-5.98558139801,F_LwNuuJ85mC4,True
7.08304166794,8.66612625122,-2.60650229454,-0.963129758835,0.219580888748,6.01703023911,10.8319320679,-2.75492048264,-1.12319231033,0.734914302826,7.575070858,8.56600761414,-7.44047641754,-0.872363328934,-0.807663440704,6.50905942917,10.7318134308,-7.58889532089,-1.03242731094,-0.292330741882,6.90394830704,7.70866107941,-3.7988717556,-1.33706974983,-1.14286518097,5.83793640137,9.87446594238,-3.9472899437,-1.49713301659,-0.627531766891,F_m4la6X_IkGs,True
-1.03479206562,5.54700946808,-14.420340538,0.865310907364,0.527178645134,-0.243579030037,-3.15450763702,-10.7972288132,-6.82289266586,-4.53540706635,3.03770756721,6.50784921646,-6.94962072372,-2.2772154808,7.23062944412,3.82892036438,-2.19366693497,-3.32650732994,-9.96542072296,2.16804456711,1.64243245125,-2.10478210449,-15.9730958939,5.23702096939,-5.89037466049,2.43364596367,-10.8063001633,-12.3499860764,-2.45118522644,-10.9529600143,F_MTXhdrkEtoE,True
-11.4701824188,1.72593009472,7.37149572372,-16.1046295166,-25.4259281158,-21.5275974274,-0.0324724763632,-2.11212182045,-17.6877288818,-19.6359214783,-16.8614826202,-5.33676624298,3.58452582359,-18.5253124237,-25.572763443,-26.9188976288,-7.09516906738,-5.89909267426,-20.1084136963,-19.7827568054,-14.7635288239,-0.303489327431,2.37048363686,-17.565656662,-24.9258975983,-24.8209438324,-2.06189155579,-7.11313533783,-19.1487541199,-19.1358909607,F_n1cCs-S5EKc,True
0.114123702049,10.8796625137,-0.676130354404,-5.70733594894,4.1170668602,13.6761054993,-3.06022167206,-8.17209339142,-10.3857383728,0.836139798164,-5.4456319809,10.8052949905,-3.39445543289,-7.30205583572,-2.0301451683,8.11634922028,-3.1345872879,-10.8904190063,-11.9804592133,-5.31107282639,-10.4616613388,16.6999816895,-1.926232934,-8.06485652924,4.36698198318,3.10031962395,2.76010084152,-9.42219638824,-12.7432594299,1.08605492115,F_n4MsOeSmwbs,True
-0.440154314041,10.3602304459,-16.1439990997,-16.4857234955,-2.03126454353,-6.1754283905,5.11596441269,-11.0683279037,-20.4545192719,1.301410079,-1.32296681404,14.200545311,-14.9287700653,-16.5040988922,-3.53929543495,-7.0582408905,8.95627880096,-9.85309696198,-20.4728965759,-0.206621289253,0.619247555733,7.37701559067,-14.513874054,-18.9813842773,0.656144976616,-5.11602592468,2.13274765015,-9.43819904327,-22.9501819611,3.9888188839,F_NrcGzxLuaVE,True
6.8261346817,-11.9846172333,-14.2521524429,2.68580651283,8.66365432739,0.43997490406,-9.39116001129,-10.5770645142,-15.6394376755,4.08044719696,10.2402448654,-14.5229558945,-16.8490753174,-0.864503622055,6.18582677841,3.85408449173,-11.9294996262,-13.1739883423,-19.1897449493,1.60262084007,11.0074234009,-12.5376720428,-13.1327466965,0.582653999329,7.20433712006,4.6212644577,-9.94421482086,-9.45765686035,-17.7425861359,2.62113118172,F_nUiTNySs1Lk,True
10.6024723053,-6.28684949875,10.7119340897,-6.91904449463,0.224212765694,2.85514330864,9.57633781433,12.7382993698,-3.53059053421,-2.39833188057,9.34898948669,-5.7307434082,8.64279460907,-15.5776062012,5.09828281403,1.60165917873,10.1324424744,10.6691589355,-12.1891498566,2.47573900223,6.4493021965,-10.2092084885,10.1756410599,-9.19618034363,5.09670543671,-1.29802930355,5.65397882462,12.20200634,-5.80772542953,2.47416162491,F_O2VWbZIrMuw,True
0.612986803055,-1.11385953426,-9.57709217072,-14.5698156357,-2.15295982361,2.80853676796,-1.84937345982,-8.03645038605,-11.6346521378,-0.288248300552,3.57356858253,2.41993284225,-11.5401544571,-16.6795825958,2.33228158951,5.76911735535,1.68441927433,-9.99951267242,-13.7444210052,4.19699430466,-1.08439421654,7.39719724655,-10.2205400467,-18.5287055969,3.42048025131,1.11115527153,6.66168260574,-8.67989826202,-15.5935430527,5.28519010544,F_oB2W0HIgpHg,True
-7.97285079956,-4.02105665207,6.76713371277,-17.977935791,-15.9381380081,-11.5477294922,-11.3559112549,-5.60164642334,-19.8848495483,-19.9320907593,-7.56387805939,-6.24898386002,8.70537281036,-14.7586641312,-14.3227806091,-11.1387557983,-13.5838394165,-3.66340470314,-16.6655731201,-18.3167304993,-12.0665502548,-5.46730470657,-0.390712887049,-9.46372318268,-15.3632278442,-15.6414299011,-12.8021602631,-12.7594852448,-11.370634079,-19.3571777344,F_OBO19vCHtic,True
8.62404060364,-4.51812410355,-6.27667236328,9.15516662598,-2.52195239067,-4.94989585876,-0.670650243759,-8.45925998688,9.03798389435,0.00612854212523,6.18529176712,-0.887735724449,-6.72267723083,8.6835641861,1.22502160072,-7.38864707947,2.95973730087,-8.90526580811,8.56637859344,3.75310254097,2.36849021912,-2.90433168411,-9.86997795105,7.61927652359,-0.942342400551,-11.2054462433,0.943142294884,-12.052567482,7.50209331512,1.58573937416,F_pdy9isqFDxE,True
-12.3786144257,7.10130643845,-12.043595314,-12.0995111465,-2.96040463448,-10.2752914429,7.85194301605,-11.6054410934,-15.6093320847,-3.09657883644,-12.4185295105,11.2276802063,-9.11590194702,-10.4000139236,-1.96181464195,-10.3152074814,11.9783153534,-8.67774963379,-13.9098367691,-2.09798789024,-11.145483017,7.45325708389,-8.30183029175,-11.6043243408,-0.737130105495,-9.0421628952,8.20389175415,-7.86367750168,-15.11414814,-0.873304843903,F_PEvrrIl3sic,True
-10.3908071518,4.40008687973,-8.8733959198,-12.0096130371,-1.78146767616,-4.12513923645,-1.51503682137,-0.880493938923,-12.7644548416,-7.85933732986,-9.33296298981,-3.13827085495,-2.7546274662,-14.3517723083,4.55187082291,-3.06729578972,-9.05339431763,5.23827362061,-15.1066179276,-1.52599859238,-2.28376150131,8.44454097748,-9.4756231308,-17.2368297577,-5.95052146912,3.98190569878,2.52941703796,-1.48272073269,-17.9916744232,-12.0283899307,F_PosKL3to6l8,True
-6.47735500336,2.10497999191,1.76686239243,-1.83260345459,-8.99398612976,0.25200176239,16.4178771973,-15.3717269897,-3.57086467743,-9.58120346069,-3.66936540604,-1.78619635105,1.46089696884,-5.79351711273,-8.64084815979,3.05999183655,12.5267000198,-15.6776924133,-7.53177833557,-9.22806739807,-5.57761096954,0.408320784569,-1.30678033829,-4.14709329605,-10.1546916962,1.15174615383,14.7212181091,-18.4453697205,-5.88535404205,-10.7419109344,F_pZcB4oJ5jsc,True
-11.6663942337,-6.85027647018,-12.0799217224,-2.69145298004,-9.48849964142,-12.289434433,-2.48278999329,-10.21413517,2.04123282433,-2.23203444481,-12.3388500214,-6.32893133163,-10.3572044373,-2.82212686539,-12.419667244,-12.9618911743,-1.96144425869,-8.49141597748,1.91055727005,-5.16320323944,-15.917470932,-7.25351142883,-7.02674293518,0.390904307365,-13.1671113968,-16.5405101776,-2.88602352142,-5.16095256805,5.12358999252,-5.91064834595,F_PZrW49YMeDs,True
-5.73133945465,-17.2748336792,-8.25344753265,-28.8684101105,-6.47923612595,-4.79866504669,-11.30260849,-10.5753383636,-21.6243000031,-5.85118627548,-9.75815582275,-20.6436882019,-4.04964780807,-24.3795394897,0.54031419754,-8.82548332214,-14.6714611053,-6.37154006958,-17.1354312897,1.168364048,-7.88617420197,-20.2241744995,-6.49334621429,-26.2494449615,-5.90303087234,-6.95350074768,-14.2519512177,-8.81523704529,-19.0053348541,-5.27498054504,F_pZVsb0b8A9E,True
5.50198507309,1.55233967304,-14.3422203064,-0.0804153978825,-9.07201194763,8.71975517273,-0.96308195591,-11.5706615448,2.17879939079,-14.4647169113,-6.3535900116,-1.83636569977,-4.67534780502,2.29530453682,-7.54173231125,-3.13581991196,-4.3517870903,-1.90379083157,4.55451822281,-12.9344358444,1.45386505127,-1.87835717201,-13.2169771194,5.0267124176,-5.95331335068,4.67163467407,-4.39377832413,-10.4454193115,7.28592729568,-11.3460187912,F_QMXIZ9GJxzY,True
-9.32534217834,8.74585056305,-14.6408309937,-11.7238397598,-5.96683359146,-20.0510368347,4.99518489838,-19.4900379181,-19.0244865417,-0.997125864029,-7.99674987793,5.78563642502,-12.5057916641,-17.0194187164,-5.98122739792,-18.7224464417,2.03496932983,-17.3549995422,-24.3200683594,-1.01152014732,-8.70231533051,7.20227479935,-11.7078428268,-16.8456668854,-7.35679388046,-19.4280090332,3.451608181,-16.557050705,-24.1463127136,-2.38708662987,F_qVH7ZUbowMU,True
-1.93676042557,14.5203552246,-3.04094266891,-9.08436107635,-2.69441437721,2.68015384674,11.1100225449,-6.18162059784,-8.82721424103,-2.80118083954,-4.65995264053,15.794046402,-3.94725036621,-9.63790512085,-5.89659357071,-0.0430388450623,12.3837137222,-7.08792972565,-9.38076114655,-6.00335979462,-0.697291612625,14.1976299286,-4.70552444458,-10.1052150726,1.54037904739,3.91962146759,10.7872982025,-7.84620189667,-9.84807109833,1.43361222744,F_raCFAL5CZEU,True
-5.42704200745,2.04725074768,-9.87765979767,-30.6543064117,6.27444839478,-3.44137430191,-1.73806679249,-4.07445240021,-31.2210865021,8.01847553253,-14.1000442505,7.65558099747,-7.89997768402,-27.5791530609,-0.145887315273,-12.1143751144,3.87026405334,-2.09677124023,-28.1459388733,1.59813857079,-10.4687547684,4.9669251442,-7.84893608093,-30.4918498993,6.64879751205,-8.483086586,1.18160808086,-2.04572916031,-31.0586280823,8.3928232193,F_rcp4eckcBoU,True
-2.62876987457,1.41080594063,1.34618246555,-6.10889339447,0.487114310265,-7.79040241241,0.270080685616,3.9581413269,-12.1728563309,-2.60821557045,-1.77217638493,-0.88512212038,-1.36543619633,-8.37251567841,-1.46593153477,-6.93380737305,-2.02584791183,1.24652349949,-14.4364786148,-4.56126213074,-1.46925890446,1.77789950371,-1.39728319645,-4.54775047302,-0.421594560146,-6.63089084625,0.637173712254,1.21467649937,-10.6117143631,-3.51692461967,F_rpzY8gP_jkQ,True
5.50883769989,0.506361603737,-5.87534332275,-1.84658503532,3.3848323822,4.46959686279,-1.3388992548,-5.84187793732,-1.74896550179,3.32095646858,4.35981225967,1.13864457607,-5.57052183151,-0.746128320694,3.00343537331,3.32057142258,-0.706616044044,-5.53705692291,-0.648509323597,2.93956017494,4.40511083603,0.977187752724,-5.27536964417,-1.38623034954,4.19991350174,3.36587047577,-0.868073523045,-5.24190425873,-1.28861117363,4.13603687286,F_Rv0sbR0lbDg,True
2.14156270027,-3.97406101227,-10.7398557663,-1.56195569038,-23.9377231598,-5.1741361618,-8.58681964874,-8.20792007446,-7.17601728439,-17.8278446198,4.09422397614,5.06054162979,-11.0666627884,-2.89752697945,-17.3305168152,-3.22147583961,0.447781682014,-8.53472900391,-8.51158905029,-11.2206354141,4.50627803802,3.35748100281,-5.62790155411,-2.60423779488,-18.8291702271,-2.8094227314,-1.25527846813,-3.09596633911,-8.21829986572,-12.7192907333,F_S4CqTV9eEkI,True
-0.569082260132,-0.28611779213,-15.3044805527,-8.48749065399,-5.4900727272,-12.5836725235,-0.434707164764,-15.0825471878,-1.76360845566,-6.10867357254,-4.70157957077,3.0519695282,-18.1942100525,-6.04040575027,-9.184466362,-16.7161712646,2.90337944031,-17.9722766876,0.683476209641,-9.80306816101,-2.58597278595,1.78459000587,-14.1912240982,-11.278298378,-3.01348662376,-14.600564003,1.63600027561,-13.969288826,-4.55441522598,-3.63208699226,F_SIF3PyPdQkM,True
-8.53478240967,3.60183763504,-8.20569038391,-1.67488527298,2.63434910774,-2.45308113098,-2.26998090744,-10.8335161209,-12.4479942322,-0.859285116196,-5.57817602158,4.81073141098,-3.79572105408,0.582760334015,5.31038761139,0.503524720669,-1.06108772755,-6.42354679108,-10.1903495789,1.81675410271,-1.91859650612,7.19122743607,-14.2221393585,3.39605283737,6.00153779984,4.16310405731,1.31940853596,-16.8499622345,-7.37705564499,2.50790429115,F_sRCQjNWXEKM,True
-0.123417496681,10.2948970795,-9.56830215454,2.14182019234,-11.7872266769,-3.08035039902,11.8035087585,-10.7700958252,-2.32722973824,-9.94779205322,-0.457835316658,11.4380722046,-10.2945156097,5.22104263306,-10.3512735367,-3.41476774216,12.9466819763,-11.4963092804,0.751991987228,-8.51183986664,-1.18620455265,8.73859214783,-8.26430702209,2.10191369057,-9.97922134399,-4.14313793182,10.2472038269,-9.4660987854,-2.36713814735,-8.13978672028,F_SXIzyO_5MFI,True
-1.67586803436,-3.92919635773,-16.8315734863,-6.41973924637,-10.5188798904,1.15990519524,-9.02269363403,-14.6841697693,-4.79167985916,-10.7769699097,0.289848923683,-3.37428760529,-12.8346033096,-9.75550842285,-8.46459293365,3.12562346458,-8.46778488159,-10.6871986389,-8.12744998932,-8.72268486023,-0.755098462105,-2.77626800537,-17.7641048431,-9.70765018463,-8.96345901489,2.08067297935,-7.86976385117,-15.6166992188,-8.07959365845,-9.22154903412,F_SyO3YwrsJPg,True
-5.87511444092,3.95440340042,-5.49433851242,-21.6249446869,-11.0824308395,-2.20615959167,-2.809882164,-13.4244508743,-22.95545578,-9.79016780853,-1.93929767609,1.35675048828,-1.06244790554,-26.8452968597,-15.7007627487,1.72965824604,-5.40753412247,-8.99256038666,-28.1758136749,-14.4085044861,-5.57276821136,6.62711954117,-5.38935804367,-17.0870914459,-16.5040988922,-1.90381193161,-0.137165606022,-13.3194704056,-18.4175987244,-15.2118377686,F_tfMMAwlD7gs,True
-0.757133483887,5.29435396194,-3.62610054016,-4.8101644516,0.00698571652174,4.51009988785,5.99790525436,-6.23376369476,0.0421540513635,3.18068003654,-4.41496372223,4.44250392914,-2.82479190826,-3.77895402908,5.67712211609,0.852269291878,5.14605474472,-5.43245601654,1.07336449623,8.85081768036,-0.616369009018,6.03154277802,-5.00927448273,-6.0887928009,2.93636727333,4.65086460114,6.73509454727,-7.61693763733,-1.23647451401,6.11006116867,F_TGoayx3Hvo4,True
-2.98493432999,-3.52620887756,-12.4701776505,-0.187897697091,-15.3744592667,-10.268986702,1.81266319752,-0.609559714794,0.854878544807,-12.7245082855,-6.02391529083,-2.1895108223,-12.4024848938,3.99495816231,-18.0082588196,-13.307970047,3.14936161041,-0.541865050793,5.03773450851,-15.3583049774,0.488501906395,-1.32210886478,-13.6632633209,0.342089414597,-13.4671449661,-6.79555034637,4.0167632103,-1.80264294147,1.38486516476,-10.8171920776,F_UbEgAw0uZkQ,True
-10.5159254074,5.84951162338,8.39493465424,-13.2186460495,-8.64859199524,-8.28879928589,6.29859304428,7.66626119614,-14.5502691269,-9.5415430069,-9.85590076447,6.82607984543,8.47969532013,-13.8206453323,-7.50339460373,-7.62877464294,7.27516222,7.75102138519,-15.1522693634,-8.39634609222,-12.7982349396,4.11739015579,9.01924419403,-12.2815485001,-10.0639591217,-10.5711078644,4.56647157669,8.29057025909,-13.6131734848,-10.9569101334,F_uJzAPp8C2zA,True
6.73331069946,-4.62790822983,-3.60185933113,-3.62404966354,2.16954946518,1.0570089817,-4.36574220657,-4.7458896637,-4.21858024597,0.223253726959,6.53296279907,-0.816901564598,-4.8313164711,-1.19127511978,3.62900614738,0.856662273407,-0.554734826088,-5.97534561157,-1.78580629826,1.68271028996,6.587849617,-2.05820035934,-2.18364834785,-2.17822957039,0.124012701213,0.911548018456,-1.79603397846,-3.32767772675,-2.77276039124,-1.82228326797,F_uLgfDvgp-D4,True
4.53105449677,-10.7944040298,-6.61760234833,-9.22312450409,-12.8389730453,3.00642299652,0.110918045044,-12.8443546295,-6.36027479172,-9.9739074707,4.92713308334,-17.6411533356,-10.1718196869,-14.556353569,-10.4067258835,3.4025015831,-6.73582696915,-16.3985729218,-11.6935043335,-7.54165840149,-1.01331424713,-13.5612001419,-10.5424661636,-10.6205682755,-12.1623926163,-2.53794574738,-2.65587425232,-16.7692184448,-7.75771856308,-9.29732513428,F_uvTMZmUdSsc,True
2.42142152786,-5.12824678421,-6.06939601898,-12.3901157379,2.36806130409,-3.97480726242,-7.63873052597,-3.41800713539,-11.8939266205,-1.74552297592,-1.40302443504,-9.99273300171,-8.37573242188,-10.1783657074,5.06970882416,-7.79925346375,-12.5032148361,-5.72434139252,-9.68217658997,0.956125259399,1.2855052948,-8.89355659485,-5.91883516312,-8.53007125854,5.63558387756,-5.11072301865,-11.4040412903,-3.26744532585,-8.03388214111,1.52200114727,F_uxkuLHrMLMM,True
-11.5634880066,-0.0199004411697,-6.71468114853,4.4541053772,-8.02886295319,-19.5513553619,5.41788816452,-6.29476308823,1.84032833576,0.262672066689,-10.0468177795,3.59781599045,-11.5170545578,2.80783224106,-6.17975234985,-18.0346851349,9.03560161591,-11.0971364975,0.194054827094,2.111784935,-14.4010124207,-3.37394237518,-5.75830125809,4.90332508087,-6.61350250244,-22.388879776,2.06384515762,-5.33838319778,2.28954672813,1.67803621292,F_w8ACpSsJssw,True
-1.77220225334,-5.6865644455,-11.6302433014,-16.9297332764,-5.43350839615,-7.23773765564,-6.6033244133,-11.0457029343,-16.2071781158,-11.3886451721,-3.09691524506,-9.42063999176,-10.4612932205,-11.8122825623,-9.06908512115,-8.56245040894,-10.3374023438,-9.87675285339,-11.0897274017,-15.0242214203,-4.57635879517,-14.4935426712,-13.206820488,-18.4875869751,-10.6074361801,-10.0418949127,-15.4103040695,-12.6222820282,-17.7650356293,-16.5625743866,F_W8X7EFqVqNc,True
3.68134593964,22.2605876923,0.0894114598632,-11.0343198776,-9.23902988434,0.854664921761,14.3026847839,6.47622156143,-3.30656766891,-5.13199663162,10.0484037399,16.0605430603,1.37151217461,-7.15680789948,-15.8473539352,7.2217206955,8.10264110565,7.75831699371,0.570944547653,-11.7403173447,5.43286037445,22.1589031219,0.225914686918,-11.2507352829,-13.8344564438,2.60617876053,14.2010011673,6.61272192001,-3.52298069,-9.72742271423,F_WeI44K6kCRU,True
-13.1549253464,20.1544475555,1.03292119503,-9.66788578033,-3.56956744194,-12.5577068329,21.5176200867,-0.676550805569,-10.5980100632,-4.94736766815,-12.8334608078,20.2239322662,-0.0338036194444,-10.4623842239,-1.57477259636,-12.2362422943,21.58710289,-1.74327456951,-11.3925085068,-2.95257258415,-15.6380929947,20.0052852631,1.89987504482,-10.2065820694,-2.86089587212,-15.0408744812,21.3684577942,0.190404504538,-11.1367073059,-4.23869752884,F_wNeoWLEtQjI,True
-9.3041973114,-3.82424020767,-10.12413311,-6.85826396942,0.755006670952,-11.9163007736,-7.42511558533,-13.2938652039,-5.24151420593,2.1706469059,-8.04726696014,-4.54840183258,-11.7760648727,-10.3778867722,-0.373326539993,-10.659371376,-8.14927959442,-14.9457988739,-8.76113796234,1.0423129797,-11.2854003906,-0.854104757309,-8.97667503357,-5.37265586853,-0.646294355392,-13.8975048065,-4.45497989655,-12.1464061737,-3.75590634346,0.769346117973,F_wQS3ADyLsUk,True
-3.10596179962,0.834846377373,-10.6967363358,-12.2144479752,-11.6865549088,-1.32752513885,-4.21471071243,1.48003160954,-17.5144691467,-9.74127578735,-2.02115058899,-0.845639824867,-11.8851175308,-8.0646314621,-12.6103086472,-0.24271261692,-5.89519882202,0.291651338339,-13.3646554947,-10.6650276184,-0.36230134964,-5.13219404221,-9.42257404327,-4.40163040161,-9.17660236359,1.41613709927,-10.1817531586,2.75419521332,-9.7016544342,-7.23132181168,F_wrOjBRqPHjU,True
4.35845422745,3.74475097656,-7.11503791809,0.813371658325,-14.6979255676,-1.63431382179,7.40922260284,-7.29696512222,-10.437623024,-10.8856229782,5.90590381622,5.34053564072,-6.90886545181,-7.06211709976,-14.7206535339,-0.086864233017,9.00500679016,-7.09079313278,-18.3131122589,-10.9083518982,2.95905590057,5.41021060944,-7.30939769745,-1.01560664177,-14.564912796,-3.0337126255,9.07468223572,-7.49132442474,-12.2666006088,-10.7526102066,F_wUhoKHzau8g,True
4.64416599274,6.42812252045,-12.0484371185,-9.68600940704,9.5002784729,-1.06266248226,13.3388385773,-9.46124458313,-7.75114393234,10.1519565582,6.01753520966,1.57302010059,-12.8177890778,-10.0727815628,6.63538312912,0.310705304146,8.48373699188,-10.2305965424,-8.13791561127,7.28706026077,5.85125350952,2.65221500397,-9.12470054626,-11.9410390854,3.8278491497,0.144425988197,9.56293106079,-6.53750896454,-10.0061750412,4.47952699661,F_WzdTXenuzCE,True
-12.4541730881,1.89669656754,-7.14415073395,-5.03640604019,0.876384496689,-14.0268888474,2.46732997894,-3.28213524818,-9.2282333374,3.9739792347,-13.3316173553,-1.16304588318,-7.71595525742,-5.14812994003,2.05924701691,-14.9043321609,-0.592414259911,-3.85393929482,-9.33995628357,5.15684175491,-13.1518135071,-0.00807666778564,-0.396253019571,-8.07137775421,2.29672861099,-14.7245264053,0.562556862831,3.46576094627,-12.2632045746,5.39432287216,F_X1gbSQuwjGU,True
-7.39149951935,14.2918787003,-2.13599061966,3.49583816528,-3.22392606735,-7.02365207672,14.9751768112,0.725028038025,0.799904704094,-2.35318470001,-5.17998313904,12.6077575684,-7.52774333954,1.32853221893,-4.34106969833,-4.81213665009,13.291053772,-4.66672372818,-1.36740136147,-3.47032856941,-9.25173854828,11.815735817,-1.75857400894,4.03453922272,-4.21416425705,-8.88389110565,12.4990329742,1.10244393349,1.33860492706,-3.34342288971,F_x2H7zcqjplc,True
-6.26619529724,-0.280925869942,-2.00189709663,-7.41689348221,-14.7702188492,-3.8190908432,-1.13107025623,-5.63656902313,-8.35621547699,-17.1903991699,-7.47944259644,-2.85662460327,-0.68414324522,-6.67524671555,-15.710108757,-5.03233718872,-3.70676851273,-4.3188123703,-7.61456823349,-18.1302890778,-8.69319438934,1.10442852974,-0.0523864999413,-5.88857030869,-15.7145843506,-6.24609041214,0.254283666611,-3.68705749512,-6.8278927803,-18.1347637177,F_x90_QK5U6WY,True
-4.20806360245,-2.20890378952,-15.387389183,2.81724643707,-3.58874630928,-2.80550694466,-1.97680819035,-16.4856643677,2.39164805412,-0.547977924347,-2.76284813881,-9.56741523743,-10.8008766174,-4.08416795731,-2.54336953163,-1.3602912426,-9.33532142639,-11.8991518021,-4.50976514816,0.497398376465,-5.06766557693,-1.63639676571,-13.1863241196,3.86183691025,4.70833778381,-3.66510891914,-1.40429890156,-14.2846002579,3.43623900414,7.74910497665,F_XCzAvgTFOp4,True
-5.7252073288,0.119551166892,-8.40738010406,3.23149871826,-11.0626716614,-5.42298126221,1.0165425539,-7.77034473419,-4.39886426926,-9.383893013,-5.33417797089,2.28833532333,-6.11993074417,2.48379516602,-8.84709644318,-5.03195238113,3.18532657623,-5.4828953743,-5.14656877518,-7.16831970215,-5.50147819519,2.43092012405,-9.68087291718,3.9443397522,-9.34474277496,-5.19925260544,3.32791137695,-9.04383850098,-3.68602132797,-7.66596603394,F_XDpOtZ-sdQE,True
-7.16162014008,10.9458999634,-4.00793838501,-16.9140701294,-9.7210931778,-1.84829354286,8.70067310333,-0.800531744957,-3.61730694771,-8.5533323288,-1.11271488667,10.735496521,-7.82963466644,-12.9280519485,-3.4981276989,4.20061302185,8.49026966095,-4.62222719193,0.368711411953,-2.33036637306,-5.37445116043,11.0060024261,-2.35131144524,-9.0324754715,-17.3504199982,-0.0611255168915,8.76077461243,0.856094896793,4.26428604126,-16.1826572418,F_XdWjpoXOhXk,True
-5.02617168427,3.10919141769,-3.86633849144,-13.0438451767,2.23229694366,1.20045530796,2.77925205231,-12.4734926224,-4.94686841965,-0.0530964210629,-5.09160232544,1.26788127422,-0.231137305498,-11.9036397934,5.38588094711,1.1350260973,0.937941431999,-8.83829212189,-3.80666351318,3.10048770905,-6.57592582703,-0.22278034687,-2.79836702347,-9.27423000336,0.59813451767,-0.349299311638,-0.552719473839,-11.4055223465,-1.17725360394,-1.68725848198,F_y-MkdkUB8pY,True
1.12264752388,8.20223331451,-4.76035642624,0.300778865814,-6.29001569748,4.08924150467,0.633781015873,-0.52981954813,5.05228853226,-4.17249965668,1.72757506371,11.9540052414,-10.1651010513,-1.02515304089,-10.7587451935,4.69416904449,4.38555335999,-5.93456554413,3.72635674477,-8.64123058319,-2.28811359406,5.70941829681,-7.09875059128,2.91980218887,-9.09794807434,0.678479552269,-1.85903382301,-2.86821460724,7.67131280899,-6.98043441772,F_y6YNedovdjI,True
-8.4918346405,8.1460609436,-6.55934619904,-12.5123434067,-5.62427902222,-4.7162733078,9.19795894623,-0.509153783321,-11.1661844254,1.71541500092,-11.3850021362,7.29707765579,-7.00036907196,-11.6106042862,-3.81100010872,-7.6094379425,8.34897232056,-0.950175702572,-10.2644472122,3.52869319916,-10.0818481445,6.45018148422,-7.86697673798,-11.2880792618,-3.99743771553,-6.30628585815,7.50207853317,-1.8167835474,-9.94192218781,3.34225559235,F_y7-0L0kFnqA,True
-16.5255222321,-2.54465246201,-5.31204223633,-3.86668300629,1.20999395847,-14.9664468765,1.5697067976,-9.89229488373,-4.91831445694,-3.92217326164,-15.5420398712,-1.23771178722,-5.70346260071,-7.55829524994,3.23592877388,-13.9829645157,2.87664842606,-10.2837123871,-8.60992431641,-1.89623844624,-14.2961769104,-1.36644375324,-9.51693820953,-4.34260845184,-6.70034790039,-12.7371034622,2.74791669846,-14.0971908569,-5.39423894882,-11.8325157166,F_YIH5S32TLWk,True
2.67517638206,12.5697126389,-8.40718650818,-6.30909252167,2.12720274925,-1.44026982784,5.43899965286,-4.06144142151,-12.9338436127,3.04726266861,1.04646396637,12.4621686935,-8.26400470734,-6.75916099548,3.02697777748,-3.06898212433,5.3314576149,-3.91825675964,-13.3839111328,3.94703722,6.56679582596,11.6374893188,-12.4953269958,-5.53072357178,5.20144128799,2.45134973526,4.50677728653,-8.14958190918,-12.1554756165,6.1215004921,F_zdwQBU4QzTw,True
